,Open,High,Low,Close,Volume
2025-08-14 09:00:00,147.0,154.66000366210938,145.0500030517578,147.5399932861328,39079869.0
2025-08-14 13:00:00,147.5399932861328,149.13999938964844,145.9199981689453,146.0,14809766.0
2025-08-18 09:00:00,148.25,151.67999267578125,143.97000122070312,150.10000610351562,13188853.0
2025-08-18 13:00:00,150.14999389648438,150.8800048828125,149.5,150.0500030517578,6422061.0
2025-08-19 09:00:00,150.1999969482422,158.19000244140625,148.14999389648438,156.33999633789062,28986181.0
2025-08-19 13:00:00,156.33999633789062,158.14999389648438,156.0,156.55999755859375,10460931.0
2025-08-20 09:00:00,157.10000610351562,159.0,154.3000030517578,154.80999755859375,10156131.0
2025-08-20 13:00:00,154.8800048828125,154.89999389648438,153.47999572753906,153.9199981689453,4333840.0
2025-08-21 09:00:00,153.99000549316406,156.5,151.88999938964844,155.0,3622660.0
2025-08-21 13:00:00,155.0,156.69000244140625,153.50999450683594,153.75,3731971.0
2025-08-22 09:00:00,153.99000549316406,156.72000122070312,153.49000549316406,153.60000610351562,5299455.0
2025-08-22 13:00:00,153.6999969482422,154.3000030517578,152.80999755859375,153.1999969482422,3232058.0
2025-08-25 09:00:00,154.0,155.19000244140625,152.92999267578125,154.5399932861328,1618320.0
2025-08-25 13:00:00,154.5399932861328,154.6999969482422,153.2100067138672,153.44000244140625,1834692.0
2025-08-26 09:00:00,153.47999572753906,156.5800018310547,150.11000061035156,150.60000610351562,5578464.0
2025-08-26 13:00:00,150.5,150.99000549316406,150.35000610351562,150.63999938964844,2264338.0
2025-08-28 09:00:00,150.1199951171875,151.5500030517578,147.3300018310547,149.8699951171875,4721345.0
2025-08-28 13:00:00,149.8699951171875,149.89999389648438,147.88999938964844,148.22999572753906,1498777.0
2025-08-29 09:00:00,148.69000244140625,151.60000610351562,148.69000244140625,150.61000061035156,2905331.0
2025-08-29 13:00:00,150.61000061035156,150.97000122070312,147.8699951171875,147.8699951171875,1518881.0
2025-09-01 09:00:00,148.47999572753906,152.67999267578125,148.0,151.1199951171875,2104581.0
2025-09-01 13:00:00,151.1199951171875,152.7899932861328,150.85000610351562,152.2100067138672,1837728.0
2025-09-02 09:00:00,152.67999267578125,154.75,152.38999938964844,153.6699981689453,1269509.0
2025-09-02 13:00:00,153.69000244140625,154.1999969482422,152.6999969482422,153.72999572753906,1284501.0
2025-09-03 09:00:00,153.7899932861328,157.9600067138672,153.7899932861328,155.32000732421875,11743304.0
2025-09-03 13:00:00,155.4600067138672,159.92999267578125,155.3300018310547,159.1699981689453,9777958.0
2025-09-04 09:00:00,161.47999572753906,162.05999755859375,153.55999755859375,154.27999877929688,2844605.0
2025-09-04 13:00:00,154.27999877929688,154.3000030517578,151.5399932861328,152.88999938964844,3297419.0
2025-09-05 09:00:00,152.99000549316406,152.99000549316406,149.5,149.9499969482422,1724167.0
2025-09-05 13:00:00,149.85000610351562,150.74000549316406,149.8000030517578,150.5,1540668.0
2025-09-08 09:00:00,150.8000030517578,151.13999938964844,148.63999938964844,150.6999969482422,1230596.0
2025-09-08 13:00:00,150.60000610351562,150.6999969482422,149.0,149.0,1280692.0
2025-09-09 09:00:00,149.64999389648438,149.9199981689453,148.3300018310547,149.16000366210938,1610376.0
2025-09-09 13:00:00,149.16000366210938,149.32000732421875,148.25,148.4199981689453,966742.0
2025-09-10 09:00:00,149.5,149.77000427246094,148.25,148.3000030517578,1856181.0
2025-09-10 13:00:00,148.35000610351562,148.47999572753906,147.8000030517578,147.9600067138672,1096850.0
2025-09-11 09:00:00,148.0,148.3800048828125,145.55999755859375,145.8800048828125,1884925.0
2025-09-11 13:00:00,145.8800048828125,146.14999389648438,145.32000732421875,145.82000732421875,2181451.0
2025-09-12 09:00:00,146.89999389648438,147.36000061035156,146.0,146.99000549316406,1675487.0
2025-09-12 13:00:00,146.99000549316406,149.1999969482422,146.9199981689453,149.0,1621603.0
2025-09-15 09:00:00,152.60000610351562,153.2899932861328,149.7100067138672,150.3000030517578,1063647.0
2025-09-15 13:00:00,150.3000030517578,150.74000549316406,149.7100067138672,150.49000549316406,1289124.0
2025-09-16 09:00:00,151.0800018310547,151.0800018310547,148.27999877929688,148.6300048828125,706625.0
2025-09-16 13:00:00,148.7100067138672,148.7100067138672,148.7100067138672,148.7100067138672,0.0
2025-09-17 09:00:00,149.44000244140625,150.1199951171875,147.35000610351562,147.6999969482422,3511741.0
2025-09-17 13:00:00,147.66000366210938,147.9199981689453,147.4199981689453,147.7100067138672,1408743.0
2025-09-18 09:00:00,148.30999755859375,149.44000244140625,147.60000610351562,148.00999450683594,1161600.0
2025-09-18 13:00:00,148.00999450683594,151.75,147.5399932861328,151.1999969482422,3639263.0
2025-09-19 09:00:00,150.77000427246094,151.32000732421875,149.63999938964844,150.1999969482422,824631.0
2025-09-19 13:00:00,150.1999969482422,150.39999389648438,149.0500030517578,149.44000244140625,951306.0
2025-09-22 09:00:00,149.9199981689453,151.27000427246094,149.02000427246094,150.07000732421875,1322454.0
2025-09-22 13:00:00,150.0800018310547,150.55999755859375,149.1199951171875,149.3000030517578,1497925.0
2025-09-23 09:00:00,150.0,150.0,148.0,148.9199981689453,796746.0
2025-09-23 13:00:00,148.92999267578125,149.10000610351562,146.86000061035156,147.27999877929688,1039246.0
2025-09-24 09:00:00,147.17999267578125,147.97000122070312,146.61000061035156,147.1300048828125,355716.0
2025-09-24 13:00:00,147.10000610351562,148.35000610351562,146.25,146.64999389648438,1045051.0
2025-09-25 09:00:00,147.1999969482422,147.1999969482422,145.1999969482422,145.36000061035156,791063.0
2025-09-25 13:00:00,145.39999389648438,145.39999389648438,143.25999450683594,144.42999267578125,1226742.0
2025-09-26 09:00:00,143.85000610351562,143.85000610351562,139.8000030517578,140.67999267578125,1174363.0
2025-09-26 13:00:00,140.67999267578125,141.99000549316406,140.00999450683594,141.6999969482422,1220001.0
2025-09-29 09:00:00,141.47000122070312,142.49000549316406,140.14999389648438,141.67999267578125,644874.0
2025-09-29 13:00:00,141.67999267578125,142.74000549316406,140.00999450683594,140.27000427246094,734222.0
2025-09-30 09:00:00,140.8699951171875,141.00999450683594,137.5,138.1699981689453,1003583.0
2025-09-30 13:00:00,138.14999389648438,138.35000610351562,137.64999389648438,137.6999969482422,764546.0
2025-10-01 09:00:00,137.86000061035156,139.1999969482422,135.9499969482422,139.16000366210938,1431143.0
2025-10-01 13:00:00,139.1300048828125,139.1999969482422,138.0,138.3000030517578,752381.0
2025-10-03 09:00:00,139.39999389648438,139.39999389648438,137.7899932861328,138.60000610351562,719046.0
2025-10-03 13:00:00,138.61000061035156,139.19000244140625,138.55999755859375,138.89999389648438,557340.0
2025-10-06 09:00:00,141.41000366210938,142.58999633789062,139.52000427246094,140.6199951171875,701327.0
2025-10-06 13:00:00,140.64999389648438,141.17999267578125,140.52000427246094,140.85000610351562,1019862.0
2025-10-07 09:00:00,140.94000244140625,140.94000244140625,139.60000610351562,140.0,336065.0
2025-10-07 13:00:00,140.0,140.22999572753906,139.33999633789062,139.4499969482422,393219.0
2025-10-08 09:00:00,139.64999389648438,140.88999938964844,138.89999389648438,139.33999633789062,540474.0
2025-10-08 13:00:00,139.25,139.47999572753906,137.89999389648438,138.2899932861328,493292.0
2025-10-09 09:00:00,138.8000030517578,139.02000427246094,138.14999389648438,138.27999877929688,421528.0
2025-10-09 13:00:00,138.27999877929688,138.4600067138672,137.7899932861328,138.0,505605.0
2025-10-10 09:00:00,137.74000549316406,143.25,137.6699981689453,140.83999633789062,2132709.0
2025-10-10 13:00:00,140.83999633789062,141.47999572753906,140.35000610351562,140.64999389648438,458652.0
2025-10-13 09:00:00,139.50999450683594,140.75999450683594,139.02000427246094,139.6999969482422,335680.0
2025-10-13 13:00:00,139.72999572753906,139.8800048828125,139.10000610351562,139.25999450683594,222650.0
2025-10-14 09:00:00,139.0500030517578,139.52999877929688,136.14999389648438,136.32000732421875,620335.0
2025-10-14 13:00:00,136.3699951171875,136.7100067138672,134.77000427246094,135.13999938964844,1032219.0
2025-10-15 09:00:00,135.2899932861328,138.35000610351562,134.99000549316406,138.33999633789062,601470.0
2025-10-15 13:00:00,138.33999633789062,138.49000549316406,137.74000549316406,138.0500030517578,328825.0
2025-10-16 09:00:00,138.27999877929688,139.25,137.86000061035156,137.9199981689453,204075.0
2025-10-16 13:00:00,137.9199981689453,138.0,137.0800018310547,137.39999389648438,258290.0
2025-10-17 09:00:00,137.64999389648438,138.22999572753906,136.17999267578125,136.49000549316406,354915.0
2025-10-17 13:00:00,136.49000549316406,136.97999572753906,135.5,136.16000366210938,747779.0
2025-10-20 09:00:00,136.1999969482422,137.13999938964844,134.75,134.86000061035156,702674.0
2025-10-20 13:00:00,134.89999389648438,137.5,134.82000732421875,137.49000549316406,789525.0
2025-10-21 13:00:00,137.49000549316406,139.32000732421875,137.49000549316406,138.2899932861328,501964.0
2025-10-23 09:00:00,138.5,138.5,136.10000610351562,136.13999938964844,306459.0
2025-10-23 13:00:00,136.1199951171875,136.13999938964844,135.25999450683594,135.3800048828125,538588.0
2025-10-24 09:00:00,135.57000732421875,135.99000549316406,134.22000122070312,134.22000122070312,547761.0
2025-10-24 13:00:00,134.22000122070312,136.86000061035156,133.72999572753906,135.0,1226343.0
2025-10-27 09:00:00,135.7899932861328,137.66000366210938,135.27000427246094,135.77999877929688,490620.0
2025-10-27 13:00:00,135.77999877929688,136.9499969482422,135.72999572753906,136.39999389648438,558249.0
2025-10-28 09:00:00,136.9499969482422,136.9499969482422,134.75,135.1999969482422,350279.0
2025-10-28 13:00:00,135.25999450683594,135.6999969482422,135.10000610351562,135.5,249068.0
2025-10-29 09:00:00,136.6300048828125,136.7899932861328,135.47999572753906,135.75,357108.0
2025-10-29 13:00:00,135.69000244140625,137.5500030517578,135.66000366210938,136.7899932861328,674864.0
2025-10-30 09:00:00,136.7100067138672,137.25999450683594,135.50999450683594,136.39999389648438,465561.0
2025-10-30 13:00:00,136.36000061035156,136.58999633789062,135.74000549316406,135.8300018310547,799979.0
2025-10-31 09:00:00,135.8300018310547,136.89999389648438,135.6199951171875,136.66000366210938,319455.0
2025-10-31 13:00:00,136.6999969482422,137.0,136.10000610351562,136.44000244140625,362315.0
2025-11-03 09:00:00,136.3699951171875,136.69000244140625,135.3800048828125,135.75,267033.0
2025-11-03 13:00:00,135.75,136.22999572753906,135.5,135.66000366210938,226629.0
2025-11-04 09:00:00,136.00999450683594,136.44000244140625,134.82000732421875,135.27999877929688,304757.0
2025-11-04 13:00:00,135.33999633789062,135.36000061035156,134.8000030517578,134.97999572753906,338328.0
2025-11-06 09:00:00,134.89999389648438,134.89999389648438,129.25,129.52000427246094,880555.0
2025-11-06 13:00:00,129.52999877929688,129.85000610351562,128.0399932861328,128.24000549316406,887105.0
2025-11-07 09:00:00,127.25,128.6999969482422,125.22000122070312,127.33999633789062,929041.0
2025-11-07 13:00:00,127.33999633789062,128.35000610351562,127.0999984741211,128.10000610351562,752012.0
2025-11-10 09:00:00,132.0,132.66000366210938,125.68000030517578,125.72000122070312,1448870.0
2025-11-10 13:00:00,125.72000122070312,126.63999938964844,124.51000213623047,125.0999984741211,2546890.0
2025-11-11 09:00:00,126.5,126.5,122.4000015258789,122.44999694824219,981258.0
2025-11-11 13:00:00,122.44999694824219,123.29000091552734,122.11000061035156,122.55999755859375,1351481.0
2025-11-12 09:00:00,122.95999908447266,123.45999908447266,122.06999969482422,122.69999694824219,576967.0
2025-11-12 13:00:00,122.68000030517578,122.75,122.0199966430664,122.2300033569336,1095013.0
2025-11-13 09:00:00,122.69000244140625,130.2100067138672,122.1500015258789,128.83999633789062,4817391.0
2025-11-13 13:00:00,128.8699951171875,129.75,128.22999572753906,128.5500030517578,2137926.0
2025-11-14 09:00:00,127.98999786376953,127.98999786376953,125.93000030517578,126.05999755859375,625451.0
2025-11-14 13:00:00,126.0,126.86000061035156,125.81999969482422,126.5,445853.0
2025-11-17 09:00:00,126.76000213623047,128.3000030517578,124.75,127.31999969482422,1407808.0
2025-11-17 13:00:00,127.31999969482422,129.0500030517578,127.22000122070312,127.91000366210938,813595.0
2025-11-18 09:00:00,128.08999633789062,128.08999633789062,126.31999969482422,127.0,291915.0
2025-11-18 13:00:00,127.05000305175781,127.41000366210938,126.05999755859375,126.18000030517578,329841.0
2025-11-19 09:00:00,126.0,127.94999694824219,125.55000305175781,126.80000305175781,502141.0
2025-11-19 13:00:00,126.79000091552734,127.58999633789062,126.66000366210938,127.37999725341797,409090.0
2025-11-20 09:00:00,127.5,128.27000427246094,126.66999816894531,127.01000213623047,371827.0
2025-11-20 13:00:00,127.0,127.05000305175781,125.88999938964844,126.11000061035156,294273.0
2025-11-21 09:00:00,126.0,126.0,123.69999694824219,124.56999969482422,613048.0
2025-11-21 13:00:00,124.56999969482422,124.80999755859375,124.0,124.0,828590.0
2025-11-24 09:00:00,124.16000366210938,124.16000366210938,119.05000305175781,120.33999633789062,2909455.0
2025-11-24 13:00:00,120.30999755859375,120.36000061035156,117.94999694824219,118.30000305175781,2305683.0
2025-11-25 09:00:00,118.48999786376953,118.80999755859375,115.91999816894531,116.23999786376953,1013435.0
2025-11-25 13:00:00,116.19000244140625,116.75,115.72000122070312,116.51000213623047,926535.0
2025-11-26 09:00:00,117.66000366210938,118.73999786376953,115.97000122070312,116.12999725341797,964366.0
2025-11-26 13:00:00,116.11000061035156,116.30000305175781,115.55999755859375,116.05000305175781,1678106.0
2025-11-27 09:00:00,116.26000213623047,118.12999725341797,115.94999694824219,117.0999984741211,1975888.0
2025-11-27 13:00:00,117.0999984741211,117.2300033569336,116.56999969482422,116.72000122070312,967136.0
2025-11-28 09:00:00,118.48999786376953,118.48999786376953,115.1500015258789,115.44999694824219,488799.0
2025-11-28 13:00:00,115.44999694824219,115.5,114.62999725341797,114.80000305175781,854874.0
2025-12-01 09:00:00,115.16999816894531,116.94000244140625,114.01000213623047,114.05000305175781,643480.0
2025-12-01 13:00:00,114.06999969482422,114.27999877929688,113.44999694824219,113.69999694824219,704624.0
2025-12-02 09:00:00,113.93000030517578,113.93000030517578,110.5,110.5199966430664,1975867.0
2025-12-02 13:00:00,110.5199966430664,111.5999984741211,110.33000183105469,111.19000244140625,2274144.0
2025-12-03 09:00:00,110.7699966430664,110.86000061035156,107.4000015258789,110.29000091552734,2338208.0
2025-12-03 13:00:00,110.29000091552734,110.37999725341797,107.75,107.80000305175781,1980423.0
2025-12-04 09:00:00,107.66999816894531,109.72000122070312,106.69000244140625,108.5999984741211,3545396.0
2025-12-04 13:00:00,108.5999984741211,111.83999633789062,108.5999984741211,111.62999725341797,2256589.0
2025-12-05 09:00:00,112.05000305175781,113.05000305175781,111.25,111.80000305175781,1486794.0
2025-12-05 13:00:00,111.80000305175781,111.9800033569336,110.6500015258789,111.19999694824219,964300.0
2025-12-08 09:00:00,111.9800033569336,111.9800033569336,110.11000061035156,110.26000213623047,796293.0
2025-12-08 13:00:00,110.26000213623047,111.3499984741211,109.33000183105469,111.19999694824219,876349.0
2025-12-09 09:00:00,110.66000366210938,112.5999984741211,109.19999694824219,111.25,1851410.0
2025-12-09 13:00:00,111.25,112.63999938964844,110.97000122070312,112.48999786376953,788478.0
2025-12-10 09:00:00,112.66000366210938,116.04000091552734,112.25,115.16000366210938,6891627.0
2025-12-10 13:00:00,115.13999938964844,115.73999786376953,114.75,115.16999816894531,1109365.0
2025-12-11 09:00:00,115.5999984741211,116.48999786376953,113.55000305175781,115.9000015258789,712770.0
2025-12-11 13:00:00,115.98999786376953,116.45999908447266,115.80999755859375,116.37999725341797,452921.0
2025-12-12 09:00:00,116.5,120.94999694824219,116.5,120.87000274658203,1054749.0
2025-12-12 13:00:00,120.87000274658203,121.63999938964844,120.52999877929688,121.16000366210938,1146988.0
2025-12-15 09:00:00,121.5,123.9000015258789,120.41000366210938,121.16999816894531,842049.0
2025-12-15 13:00:00,121.16999816894531,121.20999908447266,119.37000274658203,120.05999755859375,1067096.0
2025-12-16 09:00:00,120.37999725341797,122.5999984741211,120.05999755859375,122.27999877929688,727105.0
2025-12-16 13:00:00,122.27999877929688,122.5999984741211,121.0999984741211,121.69999694824219,543472.0
2025-12-17 09:00:00,121.66999816894531,121.79000091552734,119.20999908447266,119.26000213623047,354431.0
2025-12-17 13:00:00,119.26000213623047,119.26000213623047,118.12999725341797,118.44000244140625,490991.0
2025-12-18 09:00:00,117.69000244140625,118.48999786376953,117.08999633789062,117.08999633789062,558701.0
2025-12-18 13:00:00,117.08999633789062,117.41000366210938,116.62999725341797,116.66000366210938,345456.0
2025-12-19 09:00:00,117.58999633789062,118.43000030517578,115.61000061035156,115.62000274658203,587392.0
2025-12-19 13:00:00,115.62000274658203,116.30999755859375,115.44999694824219,115.98999786376953,1179404.0
2025-12-22 09:00:00,117.05000305175781,118.98999786376953,116.36000061035156,118.48999786376953,936486.0
2025-12-22 13:00:00,118.48999786376953,118.56999969482422,117.6500015258789,118.3499984741211,636326.0
2025-12-23 09:00:00,119.25,119.25,117.75,118.48999786376953,642288.0
2025-12-23 13:00:00,118.48999786376953,118.91000366210938,117.86000061035156,118.66999816894531,523937.0
2025-12-24 09:00:00,119.16000366210938,119.68000030517578,118.27999877929688,118.37999725341797,812659.0
2025-12-24 13:00:00,118.37000274658203,119.47000122070312,118.12000274658203,118.95999908447266,584300.0
2025-12-26 09:00:00,118.9800033569336,120.30000305175781,118.26000213623047,119.63999938964844,628250.0
2025-12-26 13:00:00,119.63999938964844,119.88999938964844,118.3499984741211,118.72000122070312,725045.0
2025-12-29 09:00:00,118.5999984741211,119.12999725341797,117.55000305175781,118.36000061035156,1392328.0
2025-12-29 13:00:00,118.3499984741211,118.91000366210938,117.77999877929688,118.55999755859375,920106.0
2025-12-30 09:00:00,118.55000305175781,121.7300033569336,118.01000213623047,121.36000061035156,1840159.0
2025-12-30 13:00:00,121.36000061035156,122.41000366210938,119.86000061035156,120.0,2870610.0
2025-12-31 09:00:00,121.05000305175781,121.05000305175781,118.86000061035156,120.0,314268.0
2025-12-31 13:00:00,120.0,120.16000366210938,118.43000030517578,118.73999786376953,1482446.0
2026-01-01 09:00:00,119.33999633789062,120.36000061035156,118.44999694824219,119.86000061035156,576054.0
2026-01-01 13:00:00,119.86000061035156,120.69999694824219,119.5,120.08000183105469,504152.0
2026-01-02 09:00:00,120.47000122070312,122.31999969482422,119.5999984741211,122.05999755859375,480459.0
2026-01-02 13:00:00,122.05000305175781,123.29000091552734,121.6500015258789,122.9800033569336,1071689.0
2026-01-05 09:00:00,122.4000015258789,122.8499984741211,120.69999694824219,121.30000305175781,531607.0
2026-01-05 13:00:00,121.30000305175781,121.6500015258789,120.87000274658203,121.26000213623047,324581.0
2026-01-06 09:00:00,121.63999938964844,123.7699966430664,120.86000061035156,123.56999969482422,678309.0
2026-01-06 13:00:00,123.5999984741211,123.5999984741211,122.23999786376953,122.5,599223.0
2026-01-07 09:00:00,122.55000305175781,124.30999755859375,122.05999755859375,123.3499984741211,684740.0
2026-01-07 13:00:00,123.3499984741211,124.0,123.22000122070312,123.77999877929688,493978.0
2026-01-08 09:00:00,123.73999786376953,123.97000122070312,120.05000305175781,120.38999938964844,1074562.0
2026-01-08 13:00:00,120.38999938964844,120.87000274658203,119.55999755859375,119.72000122070312,1282282.0
2026-01-09 09:00:00,119.5,119.5,118.27999877929688,118.44999694824219,597688.0
2026-01-09 13:00:00,118.44999694824219,119.6500015258789,117.86000061035156,119.0,1065302.0
2026-01-12 09:00:00,118.08000183105469,120.37000274658203,116.87999725341797,120.0999984741211,485206.0
2026-01-12 13:00:00,120.0999984741211,121.37999725341797,120.04000091552734,120.4000015258789,538432.0
2026-01-13 09:00:00,120.80999755859375,123.05000305175781,120.80999755859375,122.47000122070312,629923.0
2026-01-13 13:00:00,122.45999908447266,122.73999786376953,121.79000091552734,122.5999984741211,562988.0
2026-01-14 09:00:00,122.19999694824219,122.80000305175781,121.55999755859375,122.69999694824219,481640.0
2026-01-14 13:00:00,122.69999694824219,122.9000015258789,121.4000015258789,121.69999694824219,364735.0
2026-01-16 09:00:00,121.6500015258789,122.1500015258789,120.38999938964844,121.72000122070312,679568.0
2026-01-16 13:00:00,121.70999908447266,121.95999908447266,121.41000366210938,121.80000305175781,509003.0
2026-01-19 09:00:00,120.98999786376953,122.18000030517578,119.9000015258789,120.72000122070312,624666.0
2026-01-19 13:00:00,120.72000122070312,121.33999633789062,120.5,120.94999694824219,324973.0
2026-01-20 09:00:00,120.05000305175781,121.30000305175781,117.5999984741211,119.02999877929688,1829257.0
2026-01-20 13:00:00,119.0999984741211,120.5,117.87999725341797,119.0199966430664,1474167.0
2026-01-21 09:00:00,118.6500015258789,118.94999694824219,114.38999938964844,116.3499984741211,997399.0
2026-01-21 13:00:00,116.33999633789062,116.44000244140625,114.87000274658203,116.0,446988.0
2026-01-22 09:00:00,116.9000015258789,119.41999816894531,116.86000061035156,118.5199966430664,3460671.0
2026-01-22 13:00:00,118.51000213623047,119.66999816894531,118.26000213623047,118.54000091552734,448829.0
2026-01-23 09:00:00,119.33000183105469,119.41999816894531,117.16000366210938,117.62999725341797,394726.0
2026-01-23 13:00:00,117.5999984741211,117.5999984741211,115.56999969482422,116.05999755859375,972345.0
2026-01-27 09:00:00,116.4000015258789,117.66999816894531,113.9000015258789,114.0199966430664,6714691.0
2026-01-27 13:00:00,114.0199966430664,114.27999877929688,112.66000366210938,113.0,710153.0
2026-01-28 09:00:00,113.5199966430664,114.45999908447266,112.66999816894531,113.18000030517578,1153604.0
2026-01-28 13:00:00,113.19000244140625,113.27999877929688,112.3499984741211,113.0,547166.0
2026-01-29 09:00:00,113.80000305175781,115.58999633789062,113.13999938964844,115.26000213623047,1263671.0
2026-01-29 13:00:00,115.26000213623047,116.83999633789062,115.0999984741211,116.0,722791.0
2026-01-30 09:00:00,114.41999816894531,116.12000274658203,114.19999694824219,114.26000213623047,630658.0
2026-01-30 13:00:00,114.23999786376953,116.41999816894531,113.76000213623047,114.5,540896.0
2026-02-01 09:00:00,115.4,115.4,111.99,113.08,607483.0
2026-02-01 13:00:00,113.1,114.49,112.7,112.7,222898.0
2026-02-02 09:00:00,113.4,113.61,111.1,112.77,658961.0
2026-02-02 13:00:00,112.77,114.84,112.51,114.8,414523.0
2026-02-03 09:00:00,116.5,117.25,114.19000244140625,114.36000061035156,1024535.0
2026-02-03 13:00:00,114.36000061035156,114.62000274658203,113.83999633789062,114.5,452180.0
2026-02-04 09:00:00,114.79000091552734,115.5,113.80000305175781,114.9000015258789,369099.0
2026-02-04 13:00:00,114.94000244140625,116.2699966430664,114.70999908447266,116.0999984741211,498474.0
2026-02-05 09:00:00,120.91999816894531,127.76000213623047,120.81999969482422,126.5999984741211,33308014.0
2026-02-05 13:00:00,126.69999694824219,127.23999786376953,122.9000015258789,123.25,10480429.0
2026-02-06 09:00:00,123.5199966430664,123.5199966430664,120.76000213623047,121.66999816894531,938567.0
2026-02-06 13:00:00,121.77999877929688,122.4000015258789,121.0,121.31999969482422,660406.0
2026-02-09 09:00:00,122.52999877929688,123.69999694824219,120.5,123.5,1059572.0
2026-02-09 13:00:00,123.54000091552734,124.3499984741211,122.7699966430664,123.6500015258789,1068377.0
2026-02-10 09:00:00,124.08000183105469,124.36000061035156,121.80000305175781,122.01000213623047,761391.0
2026-02-10 13:00:00,122.08000183105469,122.08999633789062,120.9000015258789,121.29000091552734,573301.0
2026-02-11 09:00:00,121.5,121.94999694824219,118.51000213623047,118.80000305175781,648191.0
2026-02-11 13:00:00,118.75,118.87999725341797,118.30000305175781,118.54000091552734,522147.0
2026-02-12 09:00:00,118.12000274658203,118.12000274658203,116.55000305175781,118.11000061035156,433600.0
2026-02-12 13:00:00,118.1500015258789,120.98999786376953,117.97000122070312,120.0,1312789.0
2026-02-13 09:00:00,118.80000305175781,119.3499984741211,117.23999786376953,118.79000091552734,439163.0
2026-02-13 13:00:00,118.72000122070312,120.0999984741211,118.66000366210938,119.0,607190.0
2026-02-16 09:00:00,118.70999908447266,118.70999908447266,117.0199966430664,118.68000030517578,1265028.0
2026-02-16 13:00:00,118.58999633789062,119.4000015258789,118.44999694824219,119.02999877929688,528191.0
2026-02-17 09:00:00,119.43000030517578,122.19999694824219,119.25,121.83000183105469,727968.0
2026-02-17 13:00:00,121.88999938964844,122.41000366210938,121.5199966430664,122.22000122070312,680727.0
2026-02-18 09:00:00,122.30000305175781,124.8499984741211,121.88999938964844,123.36000061035156,1192750.0
2026-02-18 13:00:00,123.36000061035156,124.19000244140625,122.9000015258789,124.0,575659.0
2026-02-19 09:00:00,122.83999633789062,125.4000015258789,121.9000015258789,123.1500015258789,582096.0
2026-02-19 13:00:00,123.12000274658203,123.45999908447266,122.29000091552734,123.19999694824219,955633.0
2026-02-20 09:00:00,123.5,123.5,121.5199966430664,122.01000213623047,291087.0
2026-02-20 13:00:00,122.0199966430664,122.5999984741211,121.61000061035156,121.9000015258789,351856.0
2026-02-23 09:00:00,122.4800033569336,124.48999786376953,121.63999938964844,124.4800033569336,1019338.0
2026-02-23 13:00:00,124.38999938964844,125.25,124.3499984741211,125.0999984741211,1030077.0
2026-02-24 09:00:00,124.9800033569336,125.44999694824219,123.62999725341797,125.0199966430664,509400.0
2026-02-24 13:00:00,125.01000213623047,128.0,124.98999786376953,127.4800033569336,1672890.0
2026-02-25 09:00:00,127.43000030517578,128.27999877929688,124.8499984741211,125.05999755859375,569981.0
2026-02-25 13:00:00,124.95999908447266,125.33000183105469,124.5999984741211,124.91999816894531,472804.0
2026-02-26 09:00:00,125.01000213623047,128.77999877929688,124.30000305175781,127.13999938964844,3757102.0
2026-02-26 13:00:00,127.0999984741211,128.13999938964844,126.95999908447266,127.5,7118258.0
2026-02-27 09:00:00,127.80999755859375,128.4600067138672,125.08000183105469,125.11000061035156,441680.0
2026-02-27 13:00:00,125.12000274658203,128.88999938964844,123.0999984741211,125.08000183105469,9093657.0
2026-03-02 09:00:00,121.5999984741211,124.87000274658203,120.36000061035156,121.77999877929688,824838.0
2026-03-02 13:00:00,121.69000244140625,123.38999938964844,121.45999908447266,123.2699966430664,631926.0
2026-03-04 09:00:00,122.55999755859375,123.0,119.05999755859375,119.72000122070312,494782.0
2026-03-04 13:00:00,119.7300033569336,120.27999877929688,119.0,119.0999984741211,428406.0
2026-03-05 09:00:00,120.30999755859375,122.0999984741211,118.19999694824219,121.9800033569336,1063888.0
2026-03-05 13:00:00,121.88999938964844,125.0,121.83999633789062,125.0,925229.0
2026-03-06 09:00:00,123.16000366210938,126.5,123.16000366210938,124.38999938964844,497620.0
2026-03-06 13:00:00,124.4000015258789,124.4000015258789,122.0199966430664,122.25,606027.0
2026-03-09 09:00:00,118.5999984741211,120.4000015258789,116.88999938964844,120.19999694824219,594741.0
2026-03-09 13:00:00,120.1500015258789,123.79000091552734,120.1500015258789,122.83999633789062,714077.0
2026-03-10 09:00:00,124.47000122070312,124.47000122070312,121.5999984741211,122.30000305175781,929873.0
2026-03-10 13:00:00,122.29000091552734,122.4800033569336,121.66999816894531,122.0,522138.0
2026-03-11 09:00:00,122.16000366210938,123.4000015258789,121.0,121.04000091552734,301084.0
2026-03-11 13:00:00,121.01000213623047,121.69000244140625,120.33000183105469,120.5999984741211,353518.0
2026-03-12 09:00:00,118.9000015258789,122.4800033569336,118.7300033569336,121.44999694824219,416747.0
2026-03-12 13:00:00,121.31999969482422,121.31999969482422,119.51000213623047,119.95999908447266,533791.0
2026-03-13 09:00:00,119.01000213623047,119.29000091552734,115.61000061035156,115.69000244140625,1400363.0
2026-03-13 13:00:00,115.69000244140625,116.25,114.87000274658203,116.0999984741211,1159081.0
2026-03-16 09:00:00,115.95999908447266,117.30000305175781,114.98999786376953,116.02999877929688,692361.0
2026-03-16 13:00:00,116.0,117.69000244140625,115.16999816894531,116.44999694824219,689768.0
2026-03-17 09:00:00,117.27999877929688,117.58000183105469,115.75,116.2300033569336,1040533.0
2026-03-17 13:00:00,116.19999694824219,116.8499984741211,116.0999984741211,116.51000213623047,702513.0
2026-03-18 09:00:00,117.19999694824219,119.12000274658203,116.93000030517578,118.83000183105469,449271.0
2026-03-18 13:00:00,118.86000061035156,119.0,118.44999694824219,118.6500015258789,396830.0
2026-03-19 09:00:00,116.69000244140625,117.5199966430664,116.05999755859375,116.08999633789062,509655.0
2026-03-19 13:00:00,116.06999969482422,116.19999694824219,114.33000183105469,115.08000183105469,552803.0
2026-03-20 09:00:00,118.08999633789062,118.79000091552734,115.8499984741211,116.7300033569336,534647.0
2026-03-20 13:00:00,116.83000183105469,117.27999877929688,116.0,116.27999877929688,450744.0
2026-03-23 09:00:00,114.30999755859375,114.69000244140625,112.47000122070312,114.0,853162.0
2026-03-23 13:00:00,114.0,114.06999969482422,112.41999816894531,113.19999694824219,1397930.0
2026-03-24 09:00:00,115.93000030517578,115.93000030517578,112.80999755859375,114.91999816894531,380434.0
2026-03-24 13:00:00,114.98999786376953,116.12000274658203,114.51000213623047,115.05000305175781,811971.0
2026-03-25 09:00:00,116.0,118.80000305175781,116.0,118.58000183105469,726421.0
2026-03-25 13:00:00,118.58000183105469,119.16000366210938,118.25,118.41999816894531,638852.0
2026-03-27 09:00:00,117.94999694824219,117.94999694824219,114.33000183105469,114.88999938964844,494924.0
2026-03-27 13:00:00,114.97000122070312,115.4000015258789,113.4000015258789,113.93000030517578,1261534.0
2026-03-30 09:00:00,113.6500015258789,113.9000015258789,111.4000015258789,111.73999786376953,511742.0
2026-03-30 13:00:00,111.81999969482422,112.0,109.66000366210938,109.9000015258789,736502.0
2026-04-01 09:00:00,112.02999877929688,115.25,112.02999877929688,115.16000366210938,306019.0
2026-04-01 13:00:00,115.23999786376953,115.25,113.9000015258789,114.81999969482422,255724.0
2026-04-02 09:00:00,112.80000305175781,114.3499984741211,112.01000213623047,114.19999694824219,215028.0
2026-04-02 13:00:00,114.19999694824219,116.25,114.01000213623047,115.6500015258789,547290.0
2026-04-06 09:00:00,115.83000183105469,118.23999786376953,114.16000366210938,118.12000274658203,418187.0
2026-04-06 13:00:00,118.0999984741211,119.2699966430664,117.69999694824219,118.51000213623047,474414.0
2026-04-07 09:00:00,118.0,121.16000366210938,117.30999755859375,120.44999694824219,574670.0
2026-04-07 13:00:00,120.44000244140625,120.94000244140625,119.5,119.5,406964.0
2026-04-08 09:00:00,122.54000091552734,127.44999694824219,121.44999694824219,125.7300033569336,1319496.0
2026-04-08 13:00:00,125.70999908447266,128.08999633789062,125.44999694824219,127.01000213623047,1272835.0
2026-04-09 09:00:00,126.5,128.0,125.9800033569336,126.4000015258789,477078.0
2026-04-09 13:00:00,126.4000015258789,126.4000015258789,125.55000305175781,126.18000030517578,408137.0
2026-04-10 09:00:00,126.5,128.49000549316406,126.5,127.44999694824219,607052.0
2026-04-10 13:00:00,127.44999694824219,128.10000610351562,126.95999908447266,127.43000030517578,431850.0
2026-04-13 09:00:00,125.0,126.0999984741211,123.12999725341797,125.91999816894531,273561.0
2026-04-13 13:00:00,125.91999816894531,127.37000274658203,125.81999969482422,126.0,701002.0
2026-04-15 09:00:00,128.49000549316406,129.5,128.07000732421875,129.0,242782.0
2026-04-15 13:00:00,128.9199981689453,129.0500030517578,128.60000610351562,128.75,289450.0
2026-04-16 09:00:00,129.3000030517578,129.3000030517578,125.8499984741211,126.19999694824219,540481.0
2026-04-16 13:00:00,126.16000366210938,126.45999908447266,125.8499984741211,126.2699966430664,512693.0
2026-04-17 09:00:00,126.8499984741211,126.8499984741211,125.75,125.80000305175781,366788.0
2026-04-17 13:00:00,125.80000305175781,126.05999755859375,125.73999786376953,125.87999725341797,395889.0
2026-04-20 09:00:00,126.0,126.41000366210938,124.56999969482422,125.33999633789062,0.0
2026-04-20 13:00:00,125.87999725341797,130.4499969482422,125.87999725341797,130.1999969482422,3011519.0
2026-04-21 09:00:00,131.52000427246094,137.77999877929688,128.0,129.0,5010745.0
2026-04-21 13:00:00,129.0,129.0,127.30000305175781,128.02000427246094,1383866.0
2026-04-22 09:00:00,128.55999755859375,128.55999755859375,127.16999816894531,128.0,580477.0
2026-04-22 13:00:00,128.0,128.02999877929688,127.55999755859375,127.80000305175781,300426.0
2026-04-23 09:00:00,127.0999984741211,128.6300048828125,125.91000366210938,126.27999877929688,450629.0
2026-04-23 13:00:00,126.2300033569336,126.98999786376953,124.94000244140625,125.37999725341797,555185.0
2026-04-24 09:00:00,125.87999725341797,126.5,124.23999786376953,124.7699966430664,147917.0
2026-04-24 13:00:00,124.69999694824219,124.9800033569336,122.7300033569336,123.98999786376953,676835.0
2026-04-27 09:00:00,124.6500015258789,126.52999877929688,123.80999755859375,126.13999938964844,450453.0
2026-04-27 13:00:00,126.13999938964844,126.30000305175781,124.30000305175781,125.48999786376953,520010.0
2026-04-28 09:00:00,125.36000061035156,125.43000030517578,123.83999633789062,124.12999725341797,204821.0
2026-04-28 13:00:00,124.19000244140625,124.48999786376953,123.80000305175781,124.48999786376953,317317.0
2026-04-29 09:00:00,124.98999786376953,124.98999786376953,123.77999877929688,124.37999725341797,193420.0
2026-04-29 13:00:00,124.4800033569336,124.95999908447266,123.9800033569336,124.4000015258789,261770.0
2026-04-30 09:00:00,123.77999877929688,123.77999877929688,121.9800033569336,122.41000366210938,208341.0
2026-04-30 13:00:00,122.4000015258789,123.27999877929688,122.3499984741211,122.51000213623047,278076.0
2026-05-04 09:00:00,123.5,123.98999786376953,122.26000213623047,122.73999786376953,405290.0
2026-05-04 13:00:00,122.73999786376953,123.4800033569336,122.5199966430664,123.4000015258789,305789.0
2026-05-05 09:00:00,122.5,124.37000274658203,122.30999755859375,124.0,318848.0
2026-05-05 13:00:00,124.01000213623047,124.98999786376953,123.8499984741211,124.04000091552734,263623.0
2026-05-06 09:00:00,124.9800033569336,125.80000305175781,124.05000305175781,124.23999786376953,150650.0
2026-05-06 13:00:00,124.22000122070312,125.55999755859375,124.18000030517578,125.26000213623047,232517.0
2026-05-07 09:00:00,125.41999816894531,126.36000061035156,124.9800033569336,125.41000366210938,368272.0
2026-05-07 13:00:00,125.41000366210938,125.52999877929688,124.66000366210938,125.0999984741211,268620.0
2026-05-08 09:00:00,124.6500015258789,125.5999984741211,124.5199966430664,124.80999755859375,191599.0
2026-05-08 13:00:00,124.79000091552734,125.0199966430664,124.25,124.31999969482422,268489.0
2026-05-11 09:00:00,124.02999877929688,125.5,122.70999908447266,125.04000091552734,217101.0
2026-05-11 13:00:00,124.87000274658203,125.5999984741211,124.01000213623047,125.05999755859375,489518.0
2026-05-12 09:00:00,124.87000274658203,124.87000274658203,122.73999786376953,122.9000015258789,182621.0
2026-05-12 13:00:00,123.0,123.36000061035156,120.80000305175781,121.41000366210938,396368.0
2026-05-13 09:00:00,120.75,122.98999786376953,119.31999969482422,122.7699966430664,422413.0
2026-05-13 13:00:00,122.7699966430664,123.52999877929688,122.0999984741211,122.80999755859375,300381.0
2026-05-14 09:00:00,122.41999816894531,123.5,121.4000015258789,122.41999816894531,450226.0
2026-05-14 13:00:00,122.37000274658203,122.9800033569336,122.0199966430664,122.25,189261.0
2026-05-15 09:00:00,122.48999786376953,124.73999786376953,121.51000213623047,123.91000366210938,367248.0
2026-05-15 13:00:00,123.91000366210938,124.2300033569336,122.4000015258789,123.16999816894531,354439.0
2026-05-18 09:00:00,122.25,123.98999786376953,120.2300033569336,122.83999633789062,388676.0
2026-05-18 13:00:00,122.9000015258789,123.5,121.73999786376953,123.4800033569336,360326.0
2026-05-19 09:00:00,122.44000244140625,122.7699966430664,121.11000061035156,121.37000274658203,426738.0
2026-05-19 13:00:00,121.37000274658203,121.73999786376953,121.0999984741211,121.36000061035156,162833.0
2026-05-20 09:00:00,121.05999755859375,121.30000305175781,120.01000213623047,121.0,118537.0
2026-05-20 13:00:00,120.94000244140625,121.2300033569336,120.51000213623047,120.80000305175781,224336.0
2026-05-21 09:00:00,121.54000091552734,131.35000610351562,121.30999755859375,128.64999389648438,17486253.0
2026-05-21 13:00:00,128.72999572753906,132.05999755859375,126.5999984741211,127.98999786376953,23344835.0
2026-05-22 09:00:00,130.99000549316406,142.5,130.88999938964844,138.0,50666768.0
2026-05-22 13:00:00,138.0,138.89999389648438,136.27999877929688,136.8000030517578,20804305.0
2026-05-25 09:00:00,138.00999450683594,141.77000427246094,134.39999389648438,135.1999969482422,9682086.0
2026-05-25 13:00:00,135.19000244140625,136.69000244140625,133.6999969482422,133.97999572753906,7596760.0
2026-05-26 09:00:00,134.6999969482422,137.24000549316406,132.8000030517578,132.97000122070312,2048841.0
2026-05-26 13:00:00,132.97000122070312,133.0,131.0500030517578,131.74000549316406,3255214.0
2026-05-27 09:00:00,132.05999755859375,135.39999389648438,131.00999450683594,131.17999267578125,1842694.0
2026-05-27 13:00:00,131.19000244140625,131.66000366210938,130.10000610351562,131.3000030517578,1475490.0
2026-05-29 09:00:00,131.4199981689453,133.1699981689453,128.57000732421875,128.97000122070312,1335259.0
2026-05-29 13:00:00,128.97000122070312,130.1999969482422,128.89999389648438,129.35000610351562,1074996.0
2026-06-01 09:00:00,129.50999450683594,129.50999450683594,127.22000122070312,127.91000366210938,739745.0
2026-06-01 13:00:00,127.8499984741211,128.0,125.72000122070312,126.5,1417725.0
2026-06-02 09:00:00,125.48999786376953,127.38999938964844,124.97000122070312,126.9000015258789,577927.0
2026-06-02 13:00:00,127.0,130.80999755859375,126.41999816894531,130.5,2088219.0
2026-06-03 09:00:00,130.8300018310547,130.8300018310547,127.36000061035156,128.42999267578125,370845.0
2026-06-03 13:00:00,128.4600067138672,128.99000549316406,128.02000427246094,128.8000030517578,521098.0
2026-06-04 09:00:00,128.39999389648438,129.63999938964844,127.72000122070312,127.81999969482422,499887.0
2026-06-04 13:00:00,127.81999969482422,128.0,126.87000274658203,127.30000305175781,835903.0
2026-06-05 09:00:00,128.0,128.11000061035156,126.62999725341797,126.75,286528.0
2026-06-05 13:00:00,126.5999984741211,128.0,126.0,127.37000274658203,569391.0
2026-06-08 09:00:00,127.0,127.0,125.25,126.26000213623047,383068.0
2026-06-08 13:00:00,126.16000366210938,127.2699966430664,125.2300033569336,126.48999786376953,1001241.0
2026-06-09 09:00:00,127.16000366210938,127.19999694824219,126.05999755859375,126.80000305175781,266894.0
2026-06-09 13:00:00,126.8499984741211,126.98999786376953,126.51000213623047,126.7300033569336,269480.0
2026-06-10 09:00:00,126.9800033569336,130.75,126.19999694824219,126.33999633789062,1955356.0
2026-06-10 13:00:00,126.30000305175781,128.50999450683594,126.12000274658203,127.4000015258789,1258699.0
2026-06-11 09:00:00,126.4800033569336,126.4800033569336,122.88999938964844,124.7300033569336,512726.0
2026-06-11 13:00:00,124.77999877929688,125.16999816894531,124.19999694824219,124.63999938964844,355082.0
2026-06-12 09:00:00,126.0,126.37000274658203,125.4000015258789,125.75,6103611.0
2026-06-12 13:00:00,125.73999786376953,128.0,125.66999816894531,127.8499984741211,1305708.0
2026-06-15 09:00:00,129.42999267578125,131.6199951171875,128.6300048828125,130.27999877929688,1334232.0
2026-06-15 13:00:00,130.27999877929688,131.19000244140625,129.69000244140625,130.5500030517578,817289.0
2026-06-16 09:00:00,129.75,130.2899932861328,128.3000030517578,128.57000732421875,578572.0
2026-06-16 13:00:00,128.57000732421875,130.17999267578125,128.5,129.47999572753906,456993.0
2026-06-17 09:00:00,129.97999572753906,132.39999389648438,129.80999755859375,130.11000061035156,1048785.0
2026-06-17 13:00:00,130.1999969482422,130.5,129.9499969482422,130.44000244140625,523543.0
2026-06-18 09:00:00,130.7100067138672,131.83999633789062,130.0,130.67999267578125,1025372.0
2026-06-18 13:00:00,130.7100067138672,131.0,130.3000030517578,130.72000122070312,410643.0
2026-06-19 09:00:00,131.0399932861328,133.1699981689453,129.3300018310547,130.39999389648438,1259043.0
2026-06-19 13:00:00,130.3800048828125,130.55999755859375,128.24000549316406,128.85000610351562,1653611.0
2026-06-22 09:00:00,129.47999572753906,130.22000122070312,128.5500030517578,129.97999572753906,707622.0
2026-06-22 13:00:00,129.97999572753906,130.3000030517578,129.82000732421875,130.0500030517578,419935.0
2026-06-23 09:00:00,131.38999938964844,132.8699951171875,129.88999938964844,131.0500030517578,1399753.0
2026-06-23 13:00:00,131.0800018310547,131.1699981689453,128.89999389648438,129.3800048828125,891688.0
2026-06-24 09:00:00,129.1300048828125,134.00999450683594,128.92999267578125,133.64999389648438,2389532.0
2026-06-24 13:00:00,133.64999389648438,134.0,133.11000061035156,133.6999969482422,1973771.0
2026-06-25 09:00:00,133.89999389648438,136.89999389648438,133.1999969482422,133.86000061035156,1852909.0
2026-06-25 13:00:00,133.8000030517578,134.07000732421875,133.0,133.5500030517578,1232556.0
2026-06-29 09:00:00,133.14999389648438,134.36000061035156,130.5399932861328,130.91000366210938,722112.0
2026-06-29 13:00:00,131.0,133.22999572753906,130.64999389648438,133.07000732421875,1658528.0
2026-06-30 09:00:00,133.0,135.1999969482422,132.57000732421875,133.0,950189.0
2026-06-30 13:00:00,133.0,135.39999389648438,132.67999267578125,135.1999969482422,1255259.0
2026-07-01 09:00:00,135.17999267578125,137.1199951171875,135.17999267578125,136.72999572753906,729171.0
2026-07-01 13:00:00,136.72999572753906,136.82000732421875,136.2899932861328,136.75999450683594,1023328.0
2026-07-02 09:00:00,137.0,137.3000030517578,135.5,135.67999267578125,405956.0
2026-07-02 13:00:00,135.67999267578125,136.8699951171875,135.4499969482422,136.0399932861328,460563.0
2026-07-03 09:00:00,137.27000427246094,137.67999267578125,136.5,136.6999969482422,868597.0
2026-07-03 13:00:00,136.69000244140625,136.89999389648438,136.50999450683594,136.89999389648438,476104.0
2026-07-06 09:00:00,136.8000030517578,138.35000610351562,134.75,137.05999755859375,484399.0
2026-07-06 13:00:00,137.0,137.1699981689453,136.1699981689453,136.5,331774.0
2026-07-07 09:00:00,137.19000244140625,137.38999938964844,135.1999969482422,136.2899932861328,330738.0
2026-07-07 13:00:00,136.19000244140625,136.5,135.89999389648438,136.39999389648438,339444.0
2026-07-08 09:00:00,135.64999389648438,136.99000549316406,134.94000244140625,136.39999389648438,314957.0
2026-07-08 13:00:00,136.97999572753906,137.85000610351562,133.9199981689453,134.75,1624510.0
2026-07-09 09:00:00,134.52000427246094,137.39999389648438,134.52000427246094,135.91000366210938,466563.0
2026-07-09 13:00:00,135.8000030517578,135.94000244140625,134.9600067138672,135.27000427246094,281007.0
2026-07-10 09:00:00,136.22999572753906,137.6999969482422,136.22999572753906,137.0,321691.0
2026-07-10 13:00:00,137.0,138.9600067138672,136.91000366210938,138.38999938964844,1777508.0
2026-07-13 09:00:00,137.77999877929688,139.52999877929688,137.08999633789062,138.5399932861328,1253769.0
2026-07-13 13:00:00,138.5399932861328,138.83999633789062,137.6699981689453,138.05999755859375,1173563.0
2026-07-14 09:00:00,137.92999267578125,137.92999267578125,136.1999969482422,136.32000732421875,990933.0
2026-07-14 13:00:00,136.39999389648438,137.22000122070312,136.25,136.64999389648438,890002.0
2026-07-15 09:00:00,137.0,141.19000244140625,136.99000549316406,139.91000366210938,1955237.0
2026-07-15 13:00:00,139.92999267578125,140.80999755859375,139.0,139.25999450683594,596099.0
2026-07-16 09:00:00,140.5,142.4499969482422,139.42999267578125,142.1999969482422,833360.0
2026-07-16 13:00:00,142.1999969482422,142.6300048828125,141.64999389648438,142.10000610351562,1322881.0
2026-07-17 09:00:00,142.99000549316406,142.99000549316406,138.80999755859375,140.17999267578125,4880895.0
2026-07-17 13:00:00,140.17999267578125,140.97999572753906,139.52000427246094,140.0,432158.0
2026-07-20 09:00:00,139.8000030517578,141.05999755859375,139.8000030517578,140.60000610351562,240260.0
2026-07-20 13:00:00,140.64999389648438,140.91000366210938,140.3699951171875,140.50999450683594,243113.0
2026-07-21 09:00:00,140.60000610351562,143.35000610351562,140.30999755859375,140.75999450683594,2619938.0
2026-07-21 13:00:00,140.83999633789062,141.1999969482422,140.75,141.0,665903.0
2026-07-22 09:00:00,140.97000122070312,141.9499969482422,139.00999450683594,139.39999389648438,444954.0
2026-07-22 13:00:00,139.32000732421875,139.63999938964844,136.6999969482422,137.2899932861328,658421.0
2026-07-23 09:00:00,137.3000030517578,137.33999633789062,134.27999877929688,134.6999969482422,434919.0
2026-07-23 13:00:00,134.6999969482422,134.91000366210938,133.57000732421875,134.0,552450.0
2026-07-24 09:00:00,132.99000549316406,133.27999877929688,129.92999267578125,131.94000244140625,623808.0
2026-07-24 13:00:00,131.94000244140625,132.8000030517578,131.47000122070312,132.60000610351562,376356.0
2026-07-27 09:00:00,133.19000244140625,136.0500030517578,133.19000244140625,133.9600067138672,364965.0
2026-07-27 13:00:00,133.8800048828125,135.0,133.82000732421875,135.0,232815.0
2026-07-28 09:00:00,134.64999389648438,134.64999389648438,133.41000366210938,134.39999389648438,214378.0
2026-07-28 13:00:00,134.39999389648438,134.9600067138672,134.10000610351562,134.10000610351562,229518.0
2026-07-29 09:00:00,134.0,135.7100067138672,131.89999389648438,132.5,1360964.0
2026-07-29 13:00:00,132.5,132.99000549316406,131.82000732421875,132.75,1340148.0
2026-07-30 09:00:00,133.1999969482422,133.22000122070312,132.0,132.6999969482422,296045.0
2026-07-30 13:00:00,132.6999969482422,132.83999633789062,130.72000122070312,131.5,910783.0
