Datetime,Open,High,Low,Close,Volume
2025-12-19 09:15:00,2600.1,2663.4,2600.1,2610.6,11577786
2025-12-19 10:15:00,2610.6,2614.9,2575.0,2598.8,6942355
2025-12-19 11:15:00,2598.8,2604.0,2577.7,2588.4,1329465
2025-12-19 12:15:00,2588.4,2597.5,2576.6,2581.6,680180
2025-12-19 13:15:00,2581.6,2584.9,2575.0,2579.6,994495
2025-12-19 14:15:00,2579.8,2599.7,2577.0,2585.4,1925426
2025-12-19 15:15:00,2585.5,2585.8,2575.0,2576.2,874765
2025-12-22 09:15:00,2579.9,2646.5,2530.0,2607.2,2580667
2025-12-22 10:15:00,2607.4,2622.0,2592.3,2615.3,747727
2025-12-22 11:15:00,2615.6,2619.7,2601.1,2618.6,335189
2025-12-22 12:15:00,2618.5,2632.0,2614.6,2620.0,501864
2025-12-22 13:15:00,2620.1,2625.0,2611.1,2616.7,202598
2025-12-22 14:15:00,2616.9,2622.0,2605.0,2606.2,374045
2025-12-22 15:15:00,2606.5,2620.0,2583.0,2609.0,289038
2025-12-23 09:15:00,2613.0,2630.0,2588.0,2601.2,424229
2025-12-23 10:15:00,2601.2,2617.1,2590.0,2616.1,254811
2025-12-23 11:15:00,2616.1,2618.0,2605.3,2608.9,119689
2025-12-23 12:15:00,2608.2,2614.7,2606.6,2608.6,107649
2025-12-23 13:15:00,2608.6,2611.0,2601.3,2609.0,98543
2025-12-23 14:15:00,2608.0,2611.5,2602.9,2610.0,235692
2025-12-23 15:15:00,2610.0,2611.5,2604.0,2605.0,125072
2025-12-24 09:15:00,2610.0,2641.9,2606.6,2637.0,576976
2025-12-24 10:15:00,2637.0,2665.0,2627.0,2648.9,822793
2025-12-24 11:15:00,2648.9,2654.3,2637.0,2651.0,215511
2025-12-24 12:15:00,2651.0,2660.0,2640.2,2649.7,223272
2025-12-24 13:15:00,2649.7,2659.0,2638.8,2654.4,231437
2025-12-24 14:15:00,2654.4,2655.0,2638.2,2641.2,212531
2025-12-24 15:15:00,2642.0,2648.0,2632.2,2637.1,130240
2025-12-26 09:15:00,2640.0,2648.0,2601.0,2615.7,169566
2025-12-26 10:15:00,2617.0,2619.9,2610.0,2610.8,62540
2025-12-26 11:15:00,2610.1,2619.8,2610.0,2614.9,40181
2025-12-26 12:15:00,2614.8,2648.0,2612.9,2640.0,177229
2025-12-26 13:15:00,2640.0,2642.0,2632.0,2637.9,65896
2025-12-26 14:15:00,2637.9,2639.0,2625.5,2629.6,121205
2025-12-26 15:15:00,2629.6,2634.0,2623.0,2632.0,49250
2025-12-29 09:15:00,2630.0,2689.0,2616.9,2662.0,524275
2025-12-29 10:15:00,2662.1,2671.0,2654.0,2664.0,139496
2025-12-29 11:15:00,2663.1,2666.7,2640.0,2640.9,100354
2025-12-29 12:15:00,2641.0,2660.0,2639.3,2658.8,88829
2025-12-29 13:15:00,2659.0,2663.7,2654.3,2654.7,102891
2025-12-29 14:15:00,2655.9,2666.7,2652.2,2661.0,151894
2025-12-29 15:15:00,2660.4,2664.9,2645.2,2646.8,70515
2025-12-30 09:15:00,2649.0,2649.0,2625.3,2637.5,122537
2025-12-30 10:15:00,2637.5,2645.0,2634.0,2640.0,49187
2025-12-30 11:15:00,2640.1,2656.8,2640.0,2652.9,71948
2025-12-30 12:15:00,2652.0,2658.0,2643.2,2643.2,48732
2025-12-30 13:15:00,2643.2,2649.9,2643.2,2646.9,34533
2025-12-30 14:15:00,2646.0,2648.0,2639.2,2640.0,75146
2025-12-30 15:15:00,2640.0,2643.6,2639.0,2640.5,33690
2025-12-31 09:15:00,2641.9,2674.0,2641.0,2647.1,115480
2025-12-31 10:15:00,2648.0,2668.0,2646.0,2663.0,98563
2025-12-31 11:15:00,2662.9,2673.4,2660.0,2669.9,104860
2025-12-31 12:15:00,2669.9,2673.0,2662.0,2667.6,100094
2025-12-31 13:15:00,2667.6,2670.0,2658.1,2668.7,75377
2025-12-31 14:15:00,2668.7,2678.0,2663.4,2665.0,169965
2025-12-31 15:15:00,2664.2,2665.0,2646.0,2650.0,45902
2026-01-01 09:15:00,2660.0,2665.0,2647.3,2648.1,42768
2026-01-01 10:15:00,2649.0,2654.4,2643.0,2650.0,32607
2026-01-01 11:15:00,2650.0,2654.0,2648.0,2648.9,26264
2026-01-01 12:15:00,2648.9,2652.0,2645.2,2649.9,30142
2026-01-01 13:15:00,2649.9,2649.9,2635.6,2645.8,53768
2026-01-01 14:15:00,2645.0,2651.0,2628.0,2631.1,121985
2026-01-01 15:15:00,2629.7,2630.7,2613.4,2624.9,58028
2026-01-02 09:15:00,2632.0,2647.0,2624.0,2637.8,77141
2026-01-02 10:15:00,2637.5,2647.5,2629.2,2636.5,106682
2026-01-02 11:15:00,2636.5,2644.4,2633.5,2642.0,83137
2026-01-02 12:15:00,2642.0,2657.0,2639.7,2655.0,77755
2026-01-02 13:15:00,2655.4,2658.0,2652.1,2655.9,55767
2026-01-02 14:15:00,2654.9,2684.0,2649.1,2669.0,187072
2026-01-02 15:15:00,2669.0,2669.1,2656.5,2658.5,163855
2026-01-05 09:15:00,2658.6,2658.7,2624.2,2632.2,100153
2026-01-05 10:15:00,2632.3,2649.1,2627.0,2640.1,70251
2026-01-05 11:15:00,2641.1,2654.4,2637.0,2649.9,41770
2026-01-05 12:15:00,2649.8,2657.0,2645.0,2655.0,29380
2026-01-05 13:15:00,2655.1,2684.0,2651.0,2667.1,77376
2026-01-05 14:15:00,2667.1,2681.2,2663.0,2668.1,105194
2026-01-05 15:15:00,2668.1,2684.5,2664.2,2673.0,106252
2026-01-06 09:15:00,2648.0,2703.3,2648.0,2679.9,143330
2026-01-06 10:15:00,2679.1,2689.9,2668.0,2687.0,59109
2026-01-06 11:15:00,2687.9,2698.0,2682.0,2695.0,65780
2026-01-06 12:15:00,2695.5,2696.9,2690.1,2694.0,53221
2026-01-06 13:15:00,2692.1,2699.9,2690.1,2697.8,65805
2026-01-06 14:15:00,2698.0,2699.2,2689.9,2696.0,79199
2026-01-06 15:15:00,2696.0,2699.0,2687.0,2689.0,39008
2026-01-07 09:15:00,2695.0,2719.0,2680.1,2697.8,116935
2026-01-07 10:15:00,2697.8,2700.0,2689.0,2695.7,34036
2026-01-07 11:15:00,2695.7,2699.4,2694.0,2696.4,22375
2026-01-07 12:15:00,2696.7,2704.6,2693.1,2697.9,77252
2026-01-07 13:15:00,2698.5,2700.0,2695.0,2696.4,26354
2026-01-07 14:15:00,2696.8,2700.0,2694.2,2695.6,42644
2026-01-07 15:15:00,2695.6,2696.5,2695.0,2696.0,48188
2026-01-08 09:15:00,2699.7,2725.2,2694.0,2711.0,127425
2026-01-08 10:15:00,2712.0,2714.4,2696.0,2703.2,78947
2026-01-08 11:15:00,2704.7,2710.3,2681.0,2696.3,87160
2026-01-08 12:15:00,2696.9,2705.0,2688.0,2700.0,60374
2026-01-08 13:15:00,2700.6,2709.9,2689.3,2708.3,66972
2026-01-08 14:15:00,2708.3,2725.0,2705.4,2720.0,143425
2026-01-08 15:15:00,2720.0,2724.6,2716.0,2716.1,60400
2026-01-09 09:15:00,2705.0,2717.2,2690.2,2692.9,57766
2026-01-09 10:15:00,2693.6,2699.9,2649.7,2663.0,88034
2026-01-09 11:15:00,2663.5,2677.7,2630.1,2651.2,106507
2026-01-09 12:15:00,2651.8,2655.8,2629.2,2650.9,86422
2026-01-09 13:15:00,2651.4,2674.8,2650.3,2665.1,70326
2026-01-09 14:15:00,2665.2,2669.4,2661.4,2665.6,79739
2026-01-09 15:15:00,2665.8,2670.0,2660.0,2660.5,59971
2026-01-12 09:15:00,2649.1,2649.1,2587.0,2588.0,145715
2026-01-12 10:15:00,2587.0,2629.6,2587.0,2620.5,150474
2026-01-12 11:15:00,2620.5,2629.9,2608.3,2612.8,192021
2026-01-12 12:15:00,2612.4,2627.0,2610.0,2626.5,63204
2026-01-12 13:15:00,2626.9,2632.0,2625.0,2630.0,35308
2026-01-12 14:15:00,2630.0,2635.0,2625.6,2629.9,57027
2026-01-12 15:15:00,2629.9,2632.0,2625.0,2630.0,34309
2026-01-13 09:15:00,2622.0,2654.5,2616.0,2617.2,67140
2026-01-13 10:15:00,2617.2,2631.0,2615.9,2622.9,23587
2026-01-13 11:15:00,2622.1,2624.5,2616.5,2619.3,96339
2026-01-13 12:15:00,2619.6,2624.3,2614.1,2619.6,62480
2026-01-13 13:15:00,2619.3,2630.0,2614.7,2619.7,106817
2026-01-13 14:15:00,2619.7,2682.5,2619.6,2674.9,128850
2026-01-13 15:15:00,2674.0,2676.0,2667.5,2673.0,42957
2026-01-14 09:15:00,2665.0,2685.1,2660.0,2671.1,39341
2026-01-14 10:15:00,2671.1,2694.4,2670.0,2687.0,44554
2026-01-14 11:15:00,2687.0,2702.0,2680.0,2686.4,67148
2026-01-14 12:15:00,2687.5,2710.0,2682.1,2698.1,66620
2026-01-14 13:15:00,2698.1,2700.3,2689.9,2695.0,54103
2026-01-14 14:15:00,2695.0,2749.0,2693.7,2735.8,192487
2026-01-14 15:15:00,2735.8,2740.0,2728.0,2729.0,85186
2026-01-16 09:15:00,2810.0,2886.9,2782.5,2882.3,1006893
2026-01-16 10:15:00,2882.7,2972.0,2881.5,2947.9,787785
2026-01-16 11:15:00,2947.9,2969.4,2917.8,2941.7,289524
2026-01-16 12:15:00,2941.7,2959.7,2897.7,2906.5,235402
2026-01-16 13:15:00,2906.5,2940.0,2901.2,2937.0,209185
2026-01-16 14:15:00,2937.2,2948.9,2926.8,2940.0,171011
2026-01-16 15:15:00,2940.0,2941.7,2925.0,2932.5,99386
2026-01-19 09:15:00,2937.0,2977.7,2930.0,2961.0,171580
2026-01-19 10:15:00,2960.0,2963.0,2932.7,2935.8,70810
2026-01-19 11:15:00,2936.9,2937.0,2868.1,2870.3,71788
2026-01-19 12:15:00,2869.5,2916.8,2855.0,2902.2,73090
2026-01-19 13:15:00,2903.6,2948.7,2890.3,2930.0,87316
2026-01-19 14:15:00,2930.0,2944.0,2926.8,2933.2,62187
2026-01-19 15:15:00,2932.0,2934.5,2890.0,2910.0,27017
2026-01-20 09:15:00,2922.0,2922.0,2844.1,2844.1,99049
2026-01-20 10:15:00,2845.5,2854.0,2816.7,2817.6,48534
2026-01-20 11:15:00,2819.3,2822.5,2802.0,2812.0,43971
2026-01-20 12:15:00,2811.0,2812.4,2791.0,2807.1,35082
2026-01-20 13:15:00,2805.2,2813.5,2790.0,2799.7,45025
2026-01-20 14:15:00,2799.7,2852.0,2798.0,2842.0,94352
2026-01-20 15:15:00,2841.0,2842.0,2810.0,2827.0,53971
2026-01-21 09:15:00,2810.0,2810.0,2756.8,2784.2,164081
2026-01-21 10:15:00,2785.0,2788.0,2731.3,2773.0,83682
2026-01-21 11:15:00,2773.2,2800.0,2749.0,2757.0,45839
2026-01-21 12:15:00,2757.5,2813.9,2757.5,2805.4,106594
2026-01-21 13:15:00,2803.7,2820.0,2792.4,2817.4,47911
2026-01-21 14:15:00,2817.4,2849.6,2817.3,2840.0,85020
2026-01-21 15:15:00,2840.0,2850.0,2837.9,2847.0,23124
2026-01-22 09:15:00,2868.0,2895.0,2843.3,2860.6,50092
2026-01-22 10:15:00,2860.0,2866.0,2804.6,2834.5,44414
2026-01-22 11:15:00,2833.7,2840.0,2828.1,2830.0,19377
2026-01-22 12:15:00,2830.0,2835.0,2772.4,2791.4,140458
2026-01-22 13:15:00,2790.1,2802.0,2777.7,2784.4,62705
2026-01-22 14:15:00,2784.5,2803.4,2777.0,2788.7,85865
2026-01-22 15:15:00,2788.7,2790.0,2769.9,2774.4,37294
2026-01-23 09:15:00,2765.0,2790.0,2754.0,2764.0,56033
2026-01-23 10:15:00,2764.0,2787.0,2750.1,2787.0,35473
2026-01-23 11:15:00,2785.9,2815.6,2775.0,2800.0,100501
2026-01-23 12:15:00,2800.0,2802.2,2792.5,2800.9,36549
2026-01-23 13:15:00,2800.0,2801.9,2783.1,2783.7,43919
2026-01-23 14:15:00,2785.0,2786.9,2768.0,2775.0,73777
2026-01-23 15:15:00,2774.2,2780.0,2768.0,2768.0,49664
2026-01-27 09:15:00,2830.0,2830.1,2703.5,2745.6,116571
2026-01-27 10:15:00,2747.2,2753.6,2705.6,2720.6,73178
2026-01-27 11:15:00,2720.5,2735.3,2717.6,2730.0,44520
2026-01-27 12:15:00,2730.0,2752.0,2718.6,2736.1,56395
2026-01-27 13:15:00,2737.0,2761.0,2732.9,2752.2,64353
2026-01-27 14:15:00,2751.7,2752.2,2702.5,2703.0,96151
2026-01-27 15:15:00,2703.0,2719.0,2692.1,2716.0,60329
2026-01-28 09:15:00,2734.1,2777.1,2715.0,2776.2,63715
2026-01-28 10:15:00,2776.4,2785.9,2758.0,2773.3,33919
2026-01-28 11:15:00,2773.4,2811.0,2770.0,2806.7,96161
2026-01-28 12:15:00,2807.5,2809.9,2796.0,2800.4,50005
2026-01-28 13:15:00,2800.4,2860.0,2800.0,2833.0,99063
2026-01-28 14:15:00,2831.5,2849.8,2820.0,2823.1,58822
2026-01-28 15:15:00,2823.1,2840.0,2818.2,2840.0,30931
2026-01-29 09:15:00,2829.0,2893.8,2820.1,2863.5,73582
2026-01-29 10:15:00,2861.4,2870.1,2851.2,2861.0,44003
2026-01-29 11:15:00,2860.4,2908.9,2859.1,2903.5,55919
2026-01-29 12:15:00,2903.8,2932.4,2889.8,2926.9,59819
2026-01-29 13:15:00,2926.9,2942.8,2923.5,2934.1,50312
2026-01-29 14:15:00,2934.1,2940.0,2904.7,2910.2,48839
2026-01-29 15:15:00,2909.1,2920.0,2902.0,2907.4,30627
2026-01-30 09:15:00,2914.7,2950.6,2881.3,2931.9,63094
2026-01-30 10:15:00,2931.9,2933.9,2891.2,2898.5,45869
2026-01-30 11:15:00,2898.0,2919.9,2891.2,2907.8,30071
2026-01-30 12:15:00,2907.8,2932.7,2872.1,2921.6,109886
2026-01-30 13:15:00,2921.6,2987.8,2914.6,2975.0,128085
2026-01-30 14:15:00,2975.0,3012.0,2959.5,2975.0,135277
2026-01-30 15:15:00,2975.1,2977.0,2945.0,2948.0,144508
2026-02-01 09:15:00,2971.9,2971.9,2891.0,2911.9,31441
2026-02-01 10:15:00,2910.1,2925.0,2905.0,2912.1,16143
2026-02-01 11:15:00,2912.2,2933.9,2900.8,2904.7,22702
2026-02-01 12:15:00,2906.0,2921.0,2883.0,2920.9,39078
2026-02-01 13:15:00,2918.2,2929.1,2911.8,2923.9,14303
2026-02-01 14:15:00,2924.1,2935.0,2918.6,2927.5,20239
2026-02-01 15:15:00,2927.5,2930.6,2919.0,2920.0,10467
2026-02-02 09:15:00,2900.0,2915.0,2863.0,2906.0,84753
2026-02-02 10:15:00,2906.0,2918.7,2899.9,2905.0,24284
2026-02-02 11:15:00,2906.0,2908.1,2898.6,2903.4,12886
2026-02-02 12:15:00,2904.7,2913.3,2901.0,2906.6,9978
2026-02-02 13:15:00,2906.6,2915.4,2903.6,2914.0,14592
2026-02-02 14:15:00,2914.0,2931.0,2910.0,2925.2,21386
2026-02-02 15:15:00,2925.4,2949.9,2924.8,2938.0,24926
2026-02-03 09:15:00,3030.0,3110.1,3030.0,3092.8,350807
2026-02-03 10:15:00,3093.0,3131.0,3079.5,3090.0,279346
2026-02-03 11:15:00,3089.7,3092.1,3070.3,3076.2,105494
2026-02-03 12:15:00,3077.1,3088.0,3074.9,3076.9,27180
2026-02-03 13:15:00,3078.1,3082.0,3058.0,3061.0,173422
2026-02-03 14:15:00,3063.0,3065.4,3057.0,3060.6,55022
2026-02-03 15:15:00,3060.5,3067.0,3055.0,3062.9,26232
2026-02-04 09:15:00,3119.8,3119.8,3042.3,3060.0,160866
2026-02-04 10:15:00,3061.4,3074.5,3054.0,3069.2,48419
2026-02-04 11:15:00,3066.3,3072.0,3040.0,3056.9,159593
2026-02-04 12:15:00,3058.9,3061.5,3051.2,3056.0,69442
2026-02-04 13:15:00,3056.0,3060.0,3045.0,3050.4,37256
2026-02-04 14:15:00,3052.7,3063.6,3048.8,3055.1,45965
2026-02-04 15:15:00,3056.5,3057.6,3047.0,3048.0,24696
2026-02-05 09:15:00,3061.0,3129.0,3020.9,3107.6,101880
2026-02-05 10:15:00,3106.8,3125.0,3081.5,3102.6,184413
2026-02-05 11:15:00,3104.3,3105.3,3095.2,3096.7,14827
2026-02-05 12:15:00,3099.1,3101.0,3094.0,3098.9,13126
2026-02-05 13:15:00,3098.8,3100.5,3094.0,3099.0,100743
2026-02-05 14:15:00,3099.0,3105.8,3088.1,3091.7,103462
2026-02-05 15:15:00,3091.7,3100.0,3088.9,3096.0,12559
2026-02-06 09:15:00,3114.0,3122.7,3040.1,3040.1,34990
2026-02-06 10:15:00,3041.0,3067.8,3040.1,3061.7,23261
2026-02-06 11:15:00,3061.9,3069.0,3051.7,3059.9,17452
2026-02-06 12:15:00,3059.9,3067.0,3045.2,3060.6,19368
2026-02-06 13:15:00,3062.5,3065.0,3046.3,3059.9,23071
2026-02-06 14:15:00,3061.0,3072.4,3055.0,3062.0,23713
2026-02-06 15:15:00,3062.4,3065.0,3042.0,3053.0,65040
2026-02-09 09:15:00,3060.6,3075.1,2966.3,2996.8,120216
2026-02-09 10:15:00,2996.9,3005.9,2986.1,2999.0,40993
2026-02-09 11:15:00,2997.0,3020.9,2997.0,3013.9,65990
2026-02-09 12:15:00,3013.9,3021.9,3010.2,3012.6,24735
2026-02-09 13:15:00,3012.6,3029.0,3012.6,3022.4,47201
2026-02-09 14:15:00,3022.4,3039.5,3010.0,3011.1,87898
2026-02-09 15:15:00,3011.2,3026.5,3010.0,3015.0,26116
2026-02-10 09:15:00,3050.0,3050.0,3006.2,3028.1,37623
2026-02-10 10:15:00,3028.1,3090.0,3028.1,3066.6,38936
2026-02-10 11:15:00,3066.5,3070.9,3040.0,3051.2,19994
2026-02-10 12:15:00,3052.0,3060.0,3039.3,3040.5,20487
2026-02-10 13:15:00,3040.5,3059.9,3027.1,3059.5,33672
2026-02-10 14:15:00,3059.9,3069.3,3053.0,3057.3,41257
2026-02-10 15:15:00,3057.3,3063.6,3032.6,3060.0,22825
2026-02-11 09:15:00,3065.0,3072.0,3035.8,3040.8,32189
2026-02-11 10:15:00,3041.0,3064.9,3038.1,3057.0,20310
2026-02-11 11:15:00,3057.2,3086.9,3042.2,3043.8,101647
2026-02-11 12:15:00,3043.6,3053.8,3032.7,3044.0,177401
2026-02-11 13:15:00,3043.8,3047.6,3032.0,3036.6,25006
2026-02-11 14:15:00,3037.8,3051.0,3033.9,3045.0,49843
2026-02-11 15:15:00,3045.0,3050.0,3041.5,3050.0,27090
2026-02-12 09:15:00,3054.9,3110.0,3033.0,3089.0,307532
2026-02-12 10:15:00,3089.0,3094.4,3042.0,3047.3,43496
2026-02-12 11:15:00,3048.9,3083.2,3045.3,3080.0,36131
2026-02-12 12:15:00,3080.0,3104.9,3075.0,3092.6,54951
2026-02-12 13:15:00,3092.1,3150.6,3090.0,3095.0,154354
2026-02-12 14:15:00,3093.9,3123.9,3090.0,3108.2,48094
2026-02-12 15:15:00,3108.9,3115.0,3099.1,3109.0,26392
2026-02-13 09:15:00,3060.2,3079.9,2974.8,2989.2,118450
2026-02-13 10:15:00,2986.9,3007.9,2977.2,3003.1,60414
2026-02-13 11:15:00,3001.9,3009.9,2998.5,3003.5,141643
2026-02-13 12:15:00,3001.9,3030.0,3001.6,3020.7,69595
2026-02-13 13:15:00,3019.5,3032.0,3003.0,3010.1,50749
2026-02-13 14:15:00,3011.7,3015.9,3004.9,3013.5,68895
2026-02-13 15:15:00,3013.4,3015.0,3001.0,3010.0,57420
2026-02-16 09:15:00,3009.0,3010.0,2936.4,2993.3,68618
2026-02-16 10:15:00,2993.5,3028.7,2993.5,3026.0,37970
2026-02-16 11:15:00,3025.0,3039.0,3023.5,3031.9,14882
2026-02-16 12:15:00,3031.9,3035.0,3015.1,3016.8,12328
2026-02-16 13:15:00,3018.7,3025.0,3016.6,3021.7,12505
2026-02-16 14:15:00,3020.1,3046.0,3018.1,3045.0,43467
2026-02-16 15:15:00,3045.0,3064.0,3045.0,3050.0,40192
2026-02-17 09:15:00,3059.9,3059.9,3010.0,3017.5,30487
2026-02-17 10:15:00,3017.5,3030.0,3006.2,3010.5,24109
2026-02-17 11:15:00,3010.6,3028.8,3005.0,3007.0,20334
2026-02-17 12:15:00,3007.0,3019.0,2991.9,3007.9,29013
2026-02-17 13:15:00,3008.0,3011.2,2995.0,2998.0,25590
2026-02-17 14:15:00,2997.6,3019.4,2995.0,3010.2,37549
2026-02-17 15:15:00,3010.2,3010.4,3000.0,3007.5,18978
2026-02-18 09:15:00,3014.9,3037.6,2992.0,3033.3,31794
2026-02-18 10:15:00,3033.3,3054.9,3033.3,3050.0,34446
2026-02-18 11:15:00,3049.3,3052.0,3042.4,3050.0,24547
2026-02-18 12:15:00,3050.0,3066.9,3046.0,3062.4,20867
2026-02-18 13:15:00,3062.0,3078.0,3056.2,3059.3,37132
2026-02-18 14:15:00,3059.1,3079.1,3050.7,3075.0,36183
2026-02-18 15:15:00,3076.9,3085.0,3066.9,3066.9,27751
2026-02-19 09:15:00,3059.0,3084.6,3042.7,3046.1,24952
2026-02-19 10:15:00,3046.0,3056.2,3036.0,3038.0,12506
2026-02-19 11:15:00,3038.0,3039.5,3011.0,3012.0,19236
2026-02-19 12:15:00,3012.0,3035.0,3006.0,3031.6,18475
2026-02-19 13:15:00,3031.6,3041.9,3029.1,3034.0,10449
2026-02-19 14:15:00,3032.8,3042.0,3025.1,3027.0,40467
2026-02-19 15:15:00,3027.0,3040.0,3006.1,3014.0,46048
2026-02-20 09:15:00,3011.1,3049.9,3000.0,3039.0,27018
2026-02-20 10:15:00,3038.5,3059.9,3036.6,3053.9,15173
2026-02-20 11:15:00,3051.8,3054.0,3021.0,3022.6,27802
2026-02-20 12:15:00,3022.6,3035.4,3015.0,3018.2,32628
2026-02-20 13:15:00,3018.7,3029.0,3017.0,3024.7,26919
2026-02-20 14:15:00,3025.0,3050.0,3017.0,3023.9,62274
2026-02-20 15:15:00,3024.9,3025.0,3015.0,3021.7,12142
2026-02-23 09:15:00,3030.0,3049.0,2992.3,3030.3,35190
2026-02-23 10:15:00,3029.1,3062.2,3029.1,3059.5,22263
2026-02-23 11:15:00,3059.5,3105.0,3056.4,3102.9,39598
2026-02-23 12:15:00,3101.0,3138.0,3095.8,3103.5,73283
2026-02-23 13:15:00,3105.5,3119.0,3100.0,3114.7,31388
2026-02-23 14:15:00,3112.3,3149.9,3096.0,3123.0,62200
2026-02-23 15:15:00,3123.0,3140.0,3115.0,3120.0,20852
2026-02-24 09:15:00,3144.0,3172.0,3111.1,3152.6,97553
2026-02-24 10:15:00,3152.6,3159.2,3131.0,3140.0,287418
2026-02-24 11:15:00,3140.0,3144.7,3134.0,3141.2,13213
2026-02-24 12:15:00,3141.2,3153.7,3138.1,3142.6,18087
2026-02-24 13:15:00,3142.6,3154.0,3140.5,3151.0,68862
2026-02-24 14:15:00,3150.6,3153.0,3147.2,3150.2,18779
2026-02-24 15:15:00,3150.0,3152.3,3146.4,3151.0,15377
2026-02-25 09:15:00,3193.0,3193.0,3145.0,3180.0,47296
2026-02-25 10:15:00,3180.0,3190.3,3135.0,3136.0,72383
2026-02-25 11:15:00,3138.2,3164.0,3132.5,3157.4,30437
2026-02-25 12:15:00,3159.2,3168.0,3146.0,3152.4,20301
2026-02-25 13:15:00,3152.9,3162.0,3150.3,3151.0,11398
2026-02-25 14:15:00,3151.0,3156.8,3102.8,3102.8,109992
2026-02-25 15:15:00,3102.6,3114.0,3089.0,3092.0,36097
2026-02-26 09:15:00,3101.0,3133.9,3092.0,3098.3,30435
2026-02-26 10:15:00,3100.5,3100.5,3073.5,3087.1,26111
2026-02-26 11:15:00,3087.1,3092.8,3072.0,3082.8,18916
2026-02-26 12:15:00,3082.8,3083.3,3056.2,3068.9,29038
2026-02-26 13:15:00,3068.8,3074.0,3050.4,3071.0,18992
2026-02-26 14:15:00,3071.5,3114.0,3063.0,3110.5,104178
2026-02-26 15:15:00,3110.6,3123.9,3109.0,3120.0,38939
2026-02-27 09:15:00,3116.9,3127.9,3072.0,3101.7,42831
2026-02-27 10:15:00,3103.5,3122.9,3091.1,3115.3,36672
2026-02-27 11:15:00,3115.3,3115.3,3069.1,3099.7,54485
2026-02-27 12:15:00,3099.7,3120.0,3097.0,3110.1,20972
2026-02-27 13:15:00,3110.1,3119.0,3100.0,3116.4,16420
2026-02-27 14:15:00,3118.5,3121.0,3086.5,3118.5,63628
2026-02-27 15:15:00,3119.8,3125.7,3105.0,3107.7,34806
2026-03-02 09:15:00,3000.0,3105.0,2999.1,3090.3,68731
2026-03-02 10:15:00,3091.4,3100.7,3085.1,3091.0,31736
2026-03-02 11:15:00,3091.0,3092.0,3050.0,3057.6,31720
2026-03-02 12:15:00,3057.5,3070.0,3052.2,3063.1,37829
2026-03-02 13:15:00,3064.9,3084.3,3051.2,3081.5,70503
2026-03-02 14:15:00,3082.2,3095.2,3065.8,3090.6,42640
2026-03-02 15:15:00,3090.6,3093.0,3077.5,3090.0,21985
2026-03-04 09:15:00,3070.0,3071.0,2993.7,3014.2,97924
2026-03-04 10:15:00,3013.9,3017.8,2982.1,2991.9,59769
2026-03-04 11:15:00,2992.0,2994.4,2914.0,2918.2,51321
2026-03-04 12:15:00,2917.0,2976.7,2902.5,2975.0,65919
2026-03-04 13:15:00,2975.0,3020.0,2975.0,3018.8,157233
2026-03-04 14:15:00,3017.6,3025.0,2990.0,2992.8,68826
2026-03-04 15:15:00,2992.9,3007.5,2990.0,2990.1,34929
2026-03-05 09:15:00,3028.4,3050.0,3010.0,3026.0,45988
2026-03-05 10:15:00,3027.0,3028.0,3001.0,3008.4,21829
2026-03-05 11:15:00,3008.4,3013.2,2985.0,2993.8,24776
2026-03-05 12:15:00,2995.4,3006.8,2993.0,2995.0,27908
2026-03-05 13:15:00,2995.0,3017.0,2986.0,3010.0,45901
2026-03-05 14:15:00,3010.1,3022.0,3001.0,3010.0,54155
2026-03-05 15:15:00,3010.1,3017.7,2985.0,3005.0,25756
2026-03-06 09:15:00,2995.2,3007.9,2977.2,2995.1,35991
2026-03-06 10:15:00,2995.1,3015.0,2982.6,3012.8,124663
2026-03-06 11:15:00,3012.9,3023.0,3005.5,3005.5,27796
2026-03-06 12:15:00,3005.5,3022.3,2996.0,3001.3,35292
2026-03-06 13:15:00,3002.4,3013.9,2998.5,3003.6,35585
2026-03-06 14:15:00,3003.6,3013.4,2981.1,3001.0,56114
2026-03-06 15:15:00,3000.2,3011.0,2985.0,2999.0,28127
2026-03-09 09:15:00,2907.0,2935.7,2855.1,2931.0,104445
2026-03-09 10:15:00,2931.0,2933.7,2897.2,2902.0,66987
2026-03-09 11:15:00,2903.2,2919.0,2899.5,2908.5,43753
2026-03-09 12:15:00,2908.5,2916.4,2900.0,2910.3,53761
2026-03-09 13:15:00,2910.3,2915.8,2900.1,2907.2,39625
2026-03-09 14:15:00,2905.9,2914.0,2899.3,2912.0,80909
2026-03-09 15:15:00,2911.7,2920.0,2900.1,2907.0,88643
2026-03-10 09:15:00,2953.0,2998.3,2932.0,2956.5,49801
2026-03-10 10:15:00,2956.5,2994.0,2955.6,2975.5,37423
2026-03-10 11:15:00,2977.2,2990.9,2972.2,2981.0,29093
2026-03-10 12:15:00,2982.5,3014.0,2980.0,2999.3,45576
2026-03-10 13:15:00,3000.0,3063.4,2999.3,3060.4,68700
2026-03-10 14:15:00,3059.1,3094.9,3056.2,3088.2,87215
2026-03-10 15:15:00,3087.0,3092.0,3046.0,3080.0,38716
2026-03-11 09:15:00,3052.2,3089.0,3027.1,3047.7,39537
2026-03-11 10:15:00,3047.1,3050.2,3021.4,3022.5,32685
2026-03-11 11:15:00,3022.5,3024.3,3008.0,3013.4,27067
2026-03-11 12:15:00,3013.4,3014.0,2995.0,3000.0,28174
2026-03-11 13:15:00,3000.0,3005.0,2996.7,3000.0,43587
2026-03-11 14:15:00,3000.0,3003.0,2996.0,3000.4,75170
2026-03-11 15:15:00,3000.9,3005.0,3000.0,3003.0,34154
2026-03-12 09:15:00,2987.0,2990.0,2928.2,2935.7,50033
2026-03-12 10:15:00,2936.0,2943.0,2910.2,2920.0,52992
2026-03-12 11:15:00,2920.1,2926.6,2905.0,2926.0,82315
2026-03-12 12:15:00,2926.5,2942.0,2922.5,2932.0,134689
2026-03-12 13:15:00,2930.2,2948.4,2930.0,2940.0,115987
2026-03-12 14:15:00,2940.0,2968.4,2936.0,2936.0,148390
2026-03-12 15:15:00,2936.1,2940.0,2936.0,2936.4,45901
2026-03-13 09:15:00,2925.0,2931.3,2895.2,2903.1,38200
2026-03-13 10:15:00,2904.1,2906.0,2861.1,2871.8,50256
2026-03-13 11:15:00,2873.3,2880.6,2851.0,2870.0,49662
2026-03-13 12:15:00,2870.0,3003.0,2845.0,2875.4,305711
2026-03-13 13:15:00,2875.2,2895.0,2850.0,2862.6,218690
2026-03-13 14:15:00,2862.2,2890.0,2859.5,2882.5,105440
2026-03-13 15:15:00,2882.5,2883.2,2872.0,2879.7,26752
2026-03-16 09:15:00,2853.1,2894.2,2853.1,2870.2,38335
2026-03-16 10:15:00,2871.8,2871.8,2819.7,2844.3,53323
2026-03-16 11:15:00,2842.5,2867.8,2842.0,2855.0,23113
2026-03-16 12:15:00,2853.7,2865.0,2851.5,2857.5,23048
2026-03-16 13:15:00,2856.9,2903.6,2856.1,2885.3,45345
2026-03-16 14:15:00,2884.4,2900.0,2870.0,2883.9,48697
2026-03-16 15:15:00,2880.5,2894.9,2875.0,2883.1,16027
2026-03-17 09:15:00,2880.0,2889.5,2826.0,2880.2,322128
2026-03-17 10:15:00,2880.3,2949.0,2864.3,2907.1,244220
2026-03-17 11:15:00,2907.0,2917.0,2890.0,2907.3,58064
2026-03-17 12:15:00,2907.3,2934.0,2883.8,2921.9,42741
2026-03-17 13:15:00,2921.7,2945.5,2921.7,2931.2,53539
2026-03-17 14:15:00,2930.0,2958.0,2922.0,2956.1,129492
2026-03-17 15:15:00,2956.1,3008.6,2953.3,2970.0,97260
2026-03-18 09:15:00,2972.0,3017.7,2945.5,2947.6,39367
2026-03-18 10:15:00,2949.6,2958.8,2942.0,2955.2,24639
2026-03-18 11:15:00,2957.0,2980.0,2948.0,2979.0,25974
2026-03-18 12:15:00,2979.0,2989.2,2970.2,2978.9,13722
2026-03-18 13:15:00,2978.9,3024.0,2971.1,3016.0,34456
2026-03-18 14:15:00,3016.1,3029.9,3007.0,3020.1,121946
2026-03-18 15:15:00,3020.1,3022.0,3011.0,3020.0,19818
2026-03-19 09:15:00,2953.5,2974.3,2928.5,2933.1,47968
2026-03-19 10:15:00,2931.3,2934.4,2907.0,2913.2,42500
2026-03-19 11:15:00,2913.0,2924.7,2906.0,2920.2,52653
2026-03-19 12:15:00,2920.6,2923.4,2901.2,2902.8,17917
2026-03-19 13:15:00,2904.7,2905.8,2851.0,2855.0,48349
2026-03-19 14:15:00,2853.7,2858.7,2826.5,2829.9,107339
2026-03-19 15:15:00,2829.9,2831.0,2804.7,2828.0,78494
2026-03-20 09:15:00,2860.0,2879.7,2830.0,2841.6,91380
2026-03-20 10:15:00,2843.6,2847.9,2801.3,2805.9,31683
2026-03-20 11:15:00,2805.4,2840.0,2805.0,2839.7,41883
2026-03-20 12:15:00,2839.7,2842.0,2824.3,2832.0,34344
2026-03-20 13:15:00,2832.0,2832.1,2807.0,2825.0,42374
2026-03-20 14:15:00,2826.0,2826.0,2793.0,2796.9,63910
2026-03-20 15:15:00,2796.8,2809.9,2790.5,2800.0,29210
2026-03-23 09:15:00,2763.0,2774.5,2690.0,2715.0,52477
2026-03-23 10:15:00,2716.0,2719.2,2653.0,2659.9,44250
2026-03-23 11:15:00,2659.9,2685.4,2651.0,2672.2,54456
2026-03-23 12:15:00,2672.2,2672.3,2653.5,2662.9,74519
2026-03-23 13:15:00,2662.9,2680.1,2660.1,2672.8,64279
2026-03-23 14:15:00,2672.8,2680.0,2670.0,2675.3,99105
2026-03-23 15:15:00,2675.0,2715.0,2674.9,2713.0,77503
2026-03-24 09:15:00,2768.0,2769.0,2680.4,2698.5,76362
2026-03-24 10:15:00,2697.8,2715.0,2686.0,2707.1,32000
2026-03-24 11:15:00,2707.6,2712.9,2705.0,2710.0,32835
2026-03-24 12:15:00,2709.6,2743.0,2700.6,2738.4,126029
2026-03-24 13:15:00,2738.3,2790.1,2735.0,2782.6,61634
2026-03-24 14:15:00,2782.6,2807.6,2777.0,2799.3,55714
2026-03-24 15:15:00,2799.3,2801.1,2771.0,2798.0,33222
2026-03-25 09:15:00,2810.0,2878.0,2800.1,2875.0,93533
2026-03-25 10:15:00,2875.0,2904.9,2868.8,2900.2,84769
2026-03-25 11:15:00,2900.0,2908.9,2897.1,2905.0,46884
2026-03-25 12:15:00,2905.1,2906.4,2899.5,2901.1,64843
2026-03-25 13:15:00,2901.1,2913.3,2899.9,2905.6,43456
2026-03-25 14:15:00,2905.6,2907.5,2898.4,2901.0,72166
2026-03-25 15:15:00,2901.1,2911.0,2900.0,2902.0,41017
2026-03-27 09:15:00,2871.0,2879.5,2830.3,2857.1,58462
2026-03-27 10:15:00,2859.4,2907.0,2853.5,2896.5,57063
2026-03-27 11:15:00,2895.3,2905.0,2877.0,2883.0,170956
2026-03-27 12:15:00,2885.9,2890.7,2877.3,2884.6,9440
2026-03-27 13:15:00,2884.6,2895.3,2878.0,2884.2,15614
2026-03-27 14:15:00,2884.2,2890.0,2848.0,2849.9,182560
2026-03-27 15:15:00,2849.9,2884.9,2820.7,2849.9,193950
2026-03-30 09:15:00,2818.0,2835.9,2757.0,2770.6,69151
2026-03-30 10:15:00,2772.0,2774.0,2738.0,2748.4,32825
2026-03-30 11:15:00,2748.9,2784.9,2744.9,2764.9,28623
2026-03-30 12:15:00,2764.8,2777.9,2751.1,2758.9,34278
2026-03-30 13:15:00,2758.9,2769.8,2746.8,2753.7,30661
2026-03-30 14:15:00,2752.3,2812.0,2747.0,2804.0,90223
2026-03-30 15:15:00,2804.6,2874.0,2795.9,2846.0,43136
2026-04-01 09:15:00,2875.9,2894.0,2815.5,2827.8,125818
2026-04-01 10:15:00,2829.0,2838.5,2822.3,2825.1,43408
2026-04-01 11:15:00,2823.2,2827.0,2758.8,2769.2,93555
2026-04-01 12:15:00,2769.1,2822.6,2760.4,2820.0,68787
2026-04-01 13:15:00,2820.3,2857.3,2809.3,2847.5,98851
2026-04-01 14:15:00,2847.4,2869.2,2840.5,2850.8,90399
2026-04-01 15:15:00,2850.9,2870.0,2826.3,2851.0,34827
2026-04-02 09:15:00,2841.4,2841.4,2763.5,2768.5,39621
2026-04-02 10:15:00,2768.7,2776.5,2742.0,2761.1,63416
2026-04-02 11:15:00,2760.9,2810.0,2760.9,2790.1,42881
2026-04-02 12:15:00,2791.5,2860.4,2790.1,2859.8,67133
2026-04-02 13:15:00,2860.0,2871.5,2820.0,2869.4,174594
2026-04-02 14:15:00,2869.4,2869.6,2838.0,2838.8,109113
2026-04-02 15:15:00,2838.1,2850.0,2826.3,2836.0,33933
2026-04-06 09:15:00,2831.5,2849.5,2796.8,2848.7,58725
2026-04-06 10:15:00,2848.0,2898.2,2840.0,2866.3,51880
2026-04-06 11:15:00,2866.0,2885.0,2851.3,2852.5,42966
2026-04-06 12:15:00,2852.1,2872.8,2835.6,2867.1,63130
2026-04-06 13:15:00,2866.1,2911.0,2861.9,2903.7,90551
2026-04-06 14:15:00,2902.2,2934.0,2894.5,2901.1,81683
2026-04-06 15:15:00,2901.2,2915.5,2900.0,2910.0,49814
2026-04-07 09:15:00,2903.0,2935.0,2882.3,2911.5,71182
2026-04-07 10:15:00,2914.4,2953.8,2910.0,2930.1,95656
2026-04-07 11:15:00,2930.1,2951.5,2930.0,2937.0,35465
2026-04-07 12:15:00,2937.0,2945.9,2931.2,2934.1,27119
2026-04-07 13:15:00,2934.1,2944.9,2931.2,2936.0,30534
2026-04-07 14:15:00,2935.9,3003.0,2932.0,3000.0,118094
2026-04-07 15:15:00,3000.1,3055.0,2990.0,3050.0,82382
2026-04-08 09:15:00,3173.7,3189.0,3095.0,3108.6,195331
2026-04-08 10:15:00,3106.8,3138.3,3103.5,3120.0,269652
2026-04-08 11:15:00,3120.0,3180.0,3119.7,3160.0,137340
2026-04-08 12:15:00,3161.8,3176.0,3126.0,3134.9,157209
2026-04-08 13:15:00,3132.4,3168.5,3101.5,3120.0,102352
2026-04-08 14:15:00,3119.8,3135.0,3095.5,3123.4,95920
2026-04-08 15:15:00,3123.6,3145.0,3120.0,3140.0,68502
2026-04-09 09:15:00,3159.4,3239.9,3130.2,3187.1,217390
2026-04-09 10:15:00,3185.0,3200.0,3170.0,3187.7,46801
2026-04-09 11:15:00,3187.7,3239.0,3185.0,3204.3,226356
2026-04-09 12:15:00,3204.3,3226.0,3176.1,3218.0,58811
2026-04-09 13:15:00,3218.0,3244.8,3210.9,3243.2,64740
2026-04-09 14:15:00,3242.0,3272.4,3230.1,3270.5,447243
2026-04-09 15:15:00,3270.4,3275.0,3236.7,3262.0,130771
2026-04-10 09:15:00,3275.0,3316.0,3245.4,3255.7,101365
2026-04-10 10:15:00,3255.2,3257.8,3192.0,3199.4,67802
2026-04-10 11:15:00,3199.3,3223.7,3192.8,3221.5,54120
2026-04-10 12:15:00,3221.4,3300.0,3218.1,3293.3,131045
2026-04-10 13:15:00,3293.9,3355.0,3293.0,3333.2,142549
2026-04-10 14:15:00,3332.8,3397.9,3312.3,3397.1,184496
2026-04-10 15:15:00,3397.4,3430.0,3390.0,3400.0,218550
2026-04-13 09:15:00,3348.6,3370.0,3275.0,3350.0,123705
2026-04-13 10:15:00,3352.1,3382.1,3345.9,3361.0,67516
2026-04-13 11:15:00,3362.5,3369.6,3357.3,3363.0,21638
2026-04-13 12:15:00,3363.5,3400.2,3361.2,3385.8,49770
2026-04-13 13:15:00,3387.5,3387.6,3372.4,3376.3,96997
2026-04-13 14:15:00,3377.1,3396.0,3346.6,3353.2,117528
2026-04-13 15:15:00,3355.0,3363.6,3344.0,3353.0,64103
2026-04-15 09:15:00,3380.0,3397.0,3205.7,3226.0,607290
2026-04-15 10:15:00,3226.1,3241.5,3210.0,3214.4,249920
2026-04-15 11:15:00,3214.3,3218.8,3189.4,3191.7,155517
2026-04-15 12:15:00,3191.5,3192.9,3175.1,3181.0,201823
2026-04-15 13:15:00,3180.7,3214.0,3179.6,3214.0,489657
2026-04-15 14:15:00,3214.0,3239.0,3205.1,3223.4,486781
2026-04-15 15:15:00,3223.4,3226.0,3215.0,3225.1,189403
2026-04-16 09:15:00,3247.0,3264.0,3212.1,3231.0,184145
2026-04-16 10:15:00,3231.0,3244.0,3225.8,3236.3,28641
2026-04-16 11:15:00,3236.1,3238.9,3225.0,3228.8,29314
2026-04-16 12:15:00,3228.8,3254.4,3220.0,3233.7,202515
2026-04-16 13:15:00,3233.0,3275.0,3228.1,3260.0,144892
2026-04-16 14:15:00,3259.1,3309.0,3254.2,3300.0,174392
2026-04-16 15:15:00,3300.0,3301.0,3290.0,3295.0,49353
2026-04-17 09:15:00,3304.0,3320.0,3260.0,3318.0,83930
2026-04-17 10:15:00,3317.9,3326.0,3296.9,3323.1,71414
2026-04-17 11:15:00,3323.4,3362.0,3323.1,3346.1,133528
2026-04-17 12:15:00,3346.4,3375.0,3338.0,3373.9,136374
2026-04-17 13:15:00,3373.8,3380.0,3350.2,3368.0,88357
2026-04-17 14:15:00,3368.0,3373.9,3325.2,3330.1,82955
2026-04-17 15:15:00,3330.1,3340.8,3305.7,3329.9,49189
2026-04-20 09:15:00,3338.9,3389.1,3327.1,3350.7,91987
2026-04-20 10:15:00,3350.8,3352.1,3333.8,3335.6,31858
2026-04-20 11:15:00,3335.6,3360.0,3326.8,3360.0,38368
2026-04-20 12:15:00,3359.4,3369.9,3338.0,3342.0,41841
2026-04-20 13:15:00,3342.9,3346.9,3286.5,3297.6,66279
2026-04-20 14:15:00,3299.2,3321.5,3292.9,3300.2,75326
2026-04-20 15:15:00,3300.0,3300.4,3272.1,3291.0,35024
2026-04-21 09:15:00,3320.0,3359.8,3308.7,3358.9,40764
2026-04-21 10:15:00,3356.8,3369.9,3344.0,3369.9,37926
2026-04-21 11:15:00,3369.9,3415.0,3368.0,3403.7,107509
2026-04-21 12:15:00,3403.4,3463.7,3382.0,3448.2,133823
2026-04-21 13:15:00,3447.6,3455.0,3431.0,3449.9,95295
2026-04-21 14:15:00,3449.9,3512.7,3445.9,3504.2,197392
2026-04-21 15:15:00,3504.0,3540.9,3501.0,3540.0,180579
2026-04-22 09:15:00,3523.9,3597.5,3463.9,3492.0,156552
2026-04-22 10:15:00,3492.0,3517.0,3480.6,3480.6,51354
2026-04-22 11:15:00,3483.1,3491.2,3456.0,3459.9,39964
2026-04-22 12:15:00,3457.2,3464.7,3426.1,3432.5,47052
2026-04-22 13:15:00,3432.3,3447.8,3409.2,3425.6,57374
2026-04-22 14:15:00,3423.2,3434.0,3420.0,3431.4,60005
2026-04-22 15:15:00,3431.5,3436.0,3430.0,3431.5,30835
2026-04-23 09:15:00,3429.9,3455.0,3401.0,3439.3,39400
2026-04-23 10:15:00,3439.3,3441.9,3402.1,3413.0,26760
2026-04-23 11:15:00,3413.3,3429.8,3408.0,3421.1,25250
2026-04-23 12:15:00,3421.1,3427.2,3385.3,3387.3,27060
2026-04-23 13:15:00,3387.6,3397.9,3345.0,3345.5,61297
2026-04-23 14:15:00,3345.2,3357.6,3322.0,3350.2,53243
2026-04-23 15:15:00,3350.2,3350.5,3332.0,3339.0,25832
2026-04-24 09:15:00,3360.3,3367.4,3305.7,3339.0,53277
2026-04-24 10:15:00,3338.6,3394.0,3331.0,3385.1,46409
2026-04-24 11:15:00,3385.1,3399.0,3316.8,3326.0,54966
2026-04-24 12:15:00,3326.0,3333.8,3292.1,3292.9,34581
2026-04-24 13:15:00,3293.0,3309.0,3291.1,3301.7,29416
2026-04-24 14:15:00,3301.7,3320.9,3284.4,3287.0,46239
2026-04-24 15:15:00,3287.0,3298.9,3279.1,3291.1,24911
2026-04-27 09:15:00,3329.9,3349.0,3287.5,3288.0,38095
2026-04-27 10:15:00,3288.0,3293.3,3267.3,3289.9,26129
2026-04-27 11:15:00,3288.1,3293.1,3255.1,3264.0,25729
2026-04-27 12:15:00,3261.6,3288.0,3259.5,3283.5,22471
2026-04-27 13:15:00,3282.4,3285.4,3270.0,3275.0,21954
2026-04-27 14:15:00,3275.0,3285.0,3274.0,3275.0,25055
2026-04-27 15:15:00,3275.0,3283.5,3274.0,3280.7,14939
2026-04-28 09:15:00,3300.0,3324.8,3286.8,3297.1,29991
2026-04-28 10:15:00,3297.3,3307.8,3285.0,3289.5,10164
2026-04-28 11:15:00,3290.7,3320.0,3278.5,3312.0,17743
2026-04-28 12:15:00,3312.0,3315.7,3301.0,3307.9,20199
2026-04-28 13:15:00,3310.0,3311.9,3295.1,3302.7,13976
2026-04-28 14:15:00,3306.0,3307.9,3295.1,3300.1,51811
2026-04-28 15:15:00,3301.3,3301.6,3291.0,3294.0,12730
2026-04-29 09:15:00,3295.0,3314.5,3280.0,3300.0,29499
2026-04-29 10:15:00,3298.3,3305.1,3290.1,3298.6,27914
2026-04-29 11:15:00,3298.3,3303.9,3290.0,3300.0,14841
2026-04-29 12:15:00,3300.0,3302.7,3282.0,3287.6,15805
2026-04-29 13:15:00,3288.5,3291.4,3268.2,3285.2,32757
2026-04-29 14:15:00,3286.5,3300.0,3280.0,3295.1,100631
2026-04-29 15:15:00,3295.1,3335.9,3291.1,3321.0,42970
2026-04-30 09:15:00,3309.0,3309.8,3265.0,3267.5,26922
2026-04-30 10:15:00,3267.0,3297.4,3264.8,3295.0,15638
2026-04-30 11:15:00,3295.0,3301.0,3277.0,3282.0,21239
2026-04-30 12:15:00,3283.2,3289.9,3278.5,3284.0,6536
2026-04-30 13:15:00,3284.0,3287.0,3272.7,3275.4,13365
2026-04-30 14:15:00,3274.3,3308.9,3270.4,3289.8,64223
2026-04-30 15:15:00,3289.8,3290.9,3280.2,3283.0,44300
2026-05-04 09:15:00,3297.0,3323.9,3275.0,3281.3,42084
2026-05-04 10:15:00,3281.3,3290.5,3260.5,3266.5,20329
2026-05-04 11:15:00,3268.1,3299.0,3266.6,3294.4,19368
2026-05-04 12:15:00,3294.6,3309.6,3285.5,3298.7,34325
2026-05-04 13:15:00,3298.7,3302.0,3277.2,3296.0,18910
2026-05-04 14:15:00,3296.0,3299.4,3266.2,3267.4,37005
2026-05-04 15:15:00,3267.6,3277.8,3261.0,3277.0,13794
2026-05-05 09:15:00,3277.0,3285.0,3222.2,3232.2,50690
2026-05-05 10:15:00,3232.2,3246.6,3229.1,3236.4,20621
2026-05-05 11:15:00,3237.8,3280.0,3233.6,3272.3,40388
2026-05-05 12:15:00,3272.4,3293.7,3264.3,3284.5,34063
2026-05-05 13:15:00,3284.5,3302.0,3272.1,3291.3,31044
2026-05-05 14:15:00,3291.3,3301.9,3273.3,3291.4,144296
2026-05-05 15:15:00,3294.4,3296.9,3284.0,3284.0,45547
2026-05-06 09:15:00,3301.1,3329.5,3293.0,3300.0,41213
2026-05-06 10:15:00,3300.0,3300.0,3290.4,3294.8,11577
2026-05-06 11:15:00,3296.7,3299.0,3281.8,3296.3,12381
2026-05-06 12:15:00,3294.4,3297.0,3280.2,3288.1,13051
2026-05-06 13:15:00,3288.1,3300.0,3288.0,3298.3,7786
2026-05-06 14:15:00,3298.3,3305.0,3292.0,3299.9,26801
2026-05-06 15:15:00,3299.9,3300.0,3280.0,3291.7,12075
2026-05-07 09:15:00,3308.4,3317.0,3247.1,3249.7,62296
2026-05-07 10:15:00,3250.0,3282.6,3245.7,3260.9,23382
2026-05-07 11:15:00,3259.2,3262.2,3242.7,3253.0,23795
2026-05-07 12:15:00,3253.0,3308.9,3253.0,3285.4,55690
2026-05-07 13:15:00,3285.5,3301.0,3275.1,3293.1,23654
2026-05-07 14:15:00,3294.5,3305.1,3283.4,3303.1,76899
2026-05-07 15:15:00,3301.1,3317.0,3284.5,3284.5,47749
2026-05-08 09:15:00,3301.7,3306.0,3261.3,3275.3,30762
2026-05-08 10:15:00,3272.0,3299.9,3268.8,3295.3,20884
2026-05-08 11:15:00,3296.7,3304.1,3275.0,3276.5,5641
2026-05-08 12:15:00,3276.5,3278.0,3256.3,3260.8,13470
2026-05-08 13:15:00,3260.8,3261.9,3236.0,3237.4,26817
2026-05-08 14:15:00,3237.5,3239.9,3216.0,3230.1,58486
2026-05-08 15:15:00,3230.4,3248.8,3229.9,3240.0,30606
2026-05-11 09:15:00,3211.1,3216.9,3162.1,3185.0,50818
2026-05-11 10:15:00,3185.3,3199.7,3180.7,3197.3,14391
2026-05-11 11:15:00,3197.3,3219.9,3187.8,3194.0,21884
2026-05-11 12:15:00,3194.1,3196.7,3152.0,3166.6,36602
2026-05-11 13:15:00,3165.0,3176.8,3151.0,3167.7,18297
2026-05-11 14:15:00,3168.4,3205.0,3165.0,3201.0,43559
2026-05-11 15:15:00,3200.4,3236.0,3200.4,3226.0,34408
2026-05-12 09:15:00,3200.0,3255.0,3182.5,3251.8,38584
2026-05-12 10:15:00,3251.8,3278.0,3230.5,3235.2,45220
2026-05-12 11:15:00,3235.3,3251.0,3215.3,3239.6,16692
2026-05-12 12:15:00,3239.0,3239.9,3220.0,3223.7,10887
2026-05-12 13:15:00,3223.7,3224.9,3202.0,3204.6,12228
2026-05-12 14:15:00,3204.6,3226.6,3181.0,3200.8,111727
2026-05-12 15:15:00,3200.8,3201.1,3155.7,3170.0,99413
2026-05-13 09:15:00,3183.9,3207.3,3167.1,3183.4,22712
2026-05-13 10:15:00,3184.0,3224.0,3183.5,3220.1,12976
2026-05-13 11:15:00,3220.1,3234.0,3212.1,3221.8,10441
2026-05-13 12:15:00,3222.0,3222.0,3213.0,3217.1,8976
2026-05-13 13:15:00,3217.3,3231.8,3215.3,3224.3,6909
2026-05-13 14:15:00,3224.3,3280.9,3219.3,3277.0,48629
2026-05-13 15:15:00,3277.0,3283.9,3268.3,3277.0,22631
2026-05-14 09:15:00,3274.0,3284.9,3201.0,3224.5,33492
2026-05-14 10:15:00,3222.9,3227.7,3201.2,3210.1,15270
2026-05-14 11:15:00,3210.2,3219.3,3191.6,3213.3,19407
2026-05-14 12:15:00,3213.4,3227.1,3205.0,3210.5,20558
2026-05-14 13:15:00,3212.3,3247.3,3205.0,3240.8,32006
2026-05-14 14:15:00,3242.4,3250.0,3230.0,3239.8,54323
2026-05-14 15:15:00,3239.9,3250.0,3231.9,3232.0,24426
2026-05-15 09:15:00,3233.6,3261.9,3203.0,3254.4,43466
2026-05-15 10:15:00,3257.5,3289.3,3233.2,3234.0,68061
2026-05-15 11:15:00,3236.1,3248.7,3201.2,3204.0,31570
2026-05-15 12:15:00,3204.1,3218.0,3197.0,3217.5,27304
2026-05-15 13:15:00,3217.5,3224.0,3203.7,3207.8,12817
2026-05-15 14:15:00,3210.1,3212.0,3191.5,3198.9,38539
2026-05-15 15:15:00,3198.9,3204.0,3195.1,3196.0,11181
2026-05-18 09:15:00,3150.0,3163.9,3090.0,3105.0,66634
2026-05-18 10:15:00,3103.9,3133.7,3091.0,3118.1,111021
2026-05-18 11:15:00,3117.9,3126.4,3100.0,3124.0,184100
2026-05-18 12:15:00,3122.5,3130.3,3109.9,3130.0,180263
2026-05-18 13:15:00,3130.0,3146.7,3130.0,3138.9,23926
2026-05-18 14:15:00,3138.9,3149.5,3118.8,3130.5,127615
2026-05-18 15:15:00,3126.3,3142.0,3125.1,3142.0,40137
2026-05-19 09:15:00,3145.1,3173.0,3120.1,3155.0,26097
2026-05-19 10:15:00,3155.0,3166.9,3131.0,3133.7,24612
2026-05-19 11:15:00,3132.7,3157.8,3113.7,3142.5,33553
2026-05-19 12:15:00,3142.5,3147.0,3112.6,3115.3,22431
2026-05-19 13:15:00,3114.0,3134.0,3105.0,3123.3,32185
2026-05-19 14:15:00,3123.3,3125.2,3092.0,3097.8,44345
2026-05-19 15:15:00,3097.1,3115.0,3092.3,3104.0,80923
2026-05-20 09:15:00,3080.0,3086.4,3043.3,3062.7,58413
2026-05-20 10:15:00,3062.0,3088.0,3060.0,3081.6,21170
2026-05-20 11:15:00,3083.9,3092.9,3080.6,3088.0,13282
2026-05-20 12:15:00,3087.7,3090.0,3070.0,3089.1,12068
2026-05-20 13:15:00,3089.1,3093.9,3080.4,3082.8,11333
2026-05-20 14:15:00,3082.8,3147.6,3081.3,3136.0,67008
2026-05-20 15:15:00,3133.7,3148.9,3130.0,3143.0,24658
2026-05-21 09:15:00,3155.0,3197.0,3152.0,3188.0,43654
2026-05-21 10:15:00,3188.0,3249.9,3185.5,3226.4,64881
2026-05-21 11:15:00,3225.3,3244.6,3210.2,3231.9,26145
2026-05-21 12:15:00,3232.0,3232.2,3194.1,3206.2,34835
2026-05-21 13:15:00,3206.2,3209.7,3176.0,3186.4,31628
2026-05-21 14:15:00,3187.3,3214.6,3180.9,3201.5,44986
2026-05-21 15:15:00,3201.5,3202.9,3177.1,3177.1,15470
2026-05-22 09:15:00,3199.9,3222.1,3191.3,3196.0,24955
2026-05-22 10:15:00,3196.0,3204.9,3190.0,3195.0,15829
2026-05-22 11:15:00,3197.0,3207.9,3191.8,3196.6,19127
2026-05-22 12:15:00,3197.0,3208.0,3193.1,3197.9,17933
2026-05-22 13:15:00,3197.9,3255.0,3191.0,3252.4,64240
2026-05-22 14:15:00,3252.4,3255.0,3212.6,3228.2,71289
2026-05-22 15:15:00,3230.0,3232.0,3220.7,3223.0,20095
2026-05-25 09:15:00,3260.0,3297.7,3260.0,3289.6,61694
2026-05-25 10:15:00,3289.6,3329.7,3274.3,3313.0,69728
2026-05-25 11:15:00,3314.0,3322.0,3309.2,3321.9,25446
2026-05-25 12:15:00,3321.8,3364.0,3313.0,3347.6,106180
2026-05-25 13:15:00,3346.5,3347.7,3315.0,3337.2,45628
2026-05-25 14:15:00,3337.2,3355.0,3334.1,3343.5,88379
2026-05-25 15:15:00,3342.7,3354.8,3341.0,3346.0,34211
2026-05-26 09:15:00,3355.0,3406.7,3344.2,3364.8,59612
2026-05-26 10:15:00,3364.3,3372.0,3359.0,3370.4,18286
2026-05-26 11:15:00,3370.4,3384.9,3365.9,3370.0,17624
2026-05-26 12:15:00,3370.0,3373.0,3341.1,3367.0,22678
2026-05-26 13:15:00,3366.7,3371.8,3345.7,3360.0,35887
2026-05-26 14:15:00,3360.0,3365.0,3345.6,3362.5,57194
2026-05-26 15:15:00,3363.0,3365.0,3356.0,3356.0,18333
2026-05-27 09:15:00,3343.0,3360.6,3290.0,3308.5,51687
2026-05-27 10:15:00,3309.7,3321.2,3295.0,3298.1,26377
2026-05-27 11:15:00,3298.4,3303.9,3291.0,3291.7,19833
2026-05-27 12:15:00,3291.7,3311.0,3264.5,3300.5,78512
2026-05-27 13:15:00,3302.0,3349.0,3300.0,3349.0,155802
2026-05-27 14:15:00,3347.1,3375.0,3336.0,3373.0,76485
2026-05-27 15:15:00,3373.0,3504.7,3354.0,3500.0,262797
2026-05-29 09:15:00,3450.0,3519.0,3445.7,3473.7,62543
2026-05-29 10:15:00,3473.8,3480.0,3465.6,3471.1,15450
2026-05-29 11:15:00,3471.5,3480.0,3461.6,3461.6,21528
2026-05-29 12:15:00,3462.0,3475.0,3451.3,3451.3,21491
2026-05-29 13:15:00,3454.0,3465.7,3445.1,3463.4,20293
2026-05-29 14:15:00,3465.2,3611.0,3446.0,3592.8,254130
2026-05-29 15:15:00,3594.3,3603.3,3385.8,3475.0,283147
2026-06-01 09:15:00,3500.0,3536.9,3450.6,3451.7,56889
2026-06-01 10:15:00,3451.6,3479.0,3437.0,3445.5,41092
2026-06-01 11:15:00,3444.4,3454.0,3403.0,3405.1,55801
2026-06-01 12:15:00,3405.5,3411.8,3360.0,3364.9,54270
2026-06-01 13:15:00,3366.3,3374.0,3358.3,3359.3,42388
2026-06-01 14:15:00,3360.7,3382.3,3340.1,3355.0,77189
2026-06-01 15:15:00,3355.0,3358.0,3292.7,3311.7,52841
2026-06-02 09:15:00,3324.0,3389.0,3312.0,3369.5,46588
2026-06-02 10:15:00,3369.8,3382.0,3352.8,3358.7,34642
2026-06-02 11:15:00,3359.0,3361.3,3340.0,3348.0,23537
2026-06-02 12:15:00,3348.3,3361.0,3344.1,3359.9,28471
2026-06-02 13:15:00,3360.0,3361.3,3334.7,3335.6,23501
2026-06-02 14:15:00,3336.0,3338.7,3300.0,3334.4,72179
2026-06-02 15:15:00,3334.4,3335.9,3305.0,3310.0,31822
2026-06-03 09:15:00,3328.0,3339.9,3270.2,3281.0,38182
2026-06-03 10:15:00,3282.1,3299.1,3275.2,3282.0,11549
2026-06-03 11:15:00,3282.0,3283.8,3245.0,3245.8,28125
2026-06-03 12:15:00,3245.8,3275.0,3230.0,3269.3,40449
2026-06-03 13:15:00,3270.7,3340.0,3260.3,3333.7,69303
2026-06-03 14:15:00,3333.5,3374.9,3331.9,3340.1,112864
2026-06-03 15:15:00,3340.1,3344.0,3338.6,3340.1,27706
2026-06-04 09:15:00,3337.9,3374.4,3303.2,3333.9,43755
2026-06-04 10:15:00,3333.9,3366.9,3315.0,3324.7,28335
2026-06-04 11:15:00,3324.7,3335.9,3316.8,3328.1,12387
2026-06-04 12:15:00,3328.4,3356.9,3320.0,3328.0,26403
2026-06-04 13:15:00,3327.5,3335.0,3325.0,3326.5,11687
2026-06-04 14:15:00,3326.5,3334.5,3305.0,3305.3,32533
2026-06-04 15:15:00,3305.1,3319.7,3302.4,3303.8,16859
2026-06-05 09:15:00,3345.0,3380.0,3333.0,3339.3,55360
2026-06-05 10:15:00,3339.3,3352.0,3315.0,3323.0,33145
2026-06-05 11:15:00,3323.0,3336.9,3306.1,3335.1,28135
2026-06-05 12:15:00,3335.1,3343.0,3270.0,3270.1,171141
2026-06-05 13:15:00,3270.0,3295.3,3251.0,3251.0,75192
2026-06-05 14:15:00,3251.2,3276.5,3240.0,3246.4,61072
2026-06-05 15:15:00,3245.0,3260.0,3243.5,3260.0,26104
2026-06-08 09:15:00,3240.0,3288.9,3227.0,3268.8,61791
2026-06-08 10:15:00,3268.8,3273.0,3245.1,3247.9,40240
2026-06-08 11:15:00,3249.6,3255.4,3229.4,3239.0,50955
2026-06-08 12:15:00,3237.3,3243.9,3235.0,3240.0,37673
2026-06-08 13:15:00,3240.0,3247.4,3231.0,3240.0,41775
2026-06-08 14:15:00,3240.0,3241.7,3228.0,3236.2,40857
2026-06-08 15:15:00,3236.2,3249.0,3227.1,3249.0,15707
2026-06-09 09:15:00,3270.0,3309.8,3262.4,3270.2,61552
2026-06-09 10:15:00,3270.0,3275.0,3242.0,3243.8,31879
2026-06-09 11:15:00,3244.0,3251.2,3238.0,3244.1,21464
2026-06-09 12:15:00,3245.0,3257.8,3238.0,3249.9,51457
2026-06-09 13:15:00,3249.9,3255.7,3245.1,3249.9,71191
2026-06-09 14:15:00,3250.0,3260.2,3244.1,3249.0,63446
2026-06-09 15:15:00,3249.0,3264.0,3245.0,3249.0,18666
2026-06-10 09:15:00,3245.0,3338.4,3241.0,3286.2,68418
2026-06-10 10:15:00,3286.2,3305.6,3265.1,3268.0,40820
2026-06-10 11:15:00,3268.5,3268.5,3250.0,3260.0,22770
2026-06-10 12:15:00,3260.0,3260.9,3229.1,3242.1,59232
2026-06-10 13:15:00,3242.5,3255.9,3232.5,3237.2,59737
2026-06-10 14:15:00,3235.7,3241.5,3195.0,3195.0,76318
2026-06-10 15:15:00,3195.1,3219.9,3195.0,3201.0,26899
2026-06-11 09:15:00,3229.7,3249.8,3200.2,3236.7,70852
2026-06-11 10:15:00,3236.7,3245.5,3230.1,3242.1,27490
2026-06-11 11:15:00,3242.1,3247.7,3235.0,3242.6,24312
2026-06-11 12:15:00,3239.8,3266.4,3237.8,3250.7,29433
2026-06-11 13:15:00,3250.7,3262.9,3245.3,3246.1,25493
2026-06-11 14:15:00,3246.1,3254.4,3196.0,3207.7,94324
2026-06-11 15:15:00,3206.4,3218.0,3198.0,3209.4,46855
2026-06-12 09:15:00,3290.0,3330.2,3244.2,3271.6,128457
2026-06-12 10:15:00,3271.6,3277.6,3244.5,3248.3,50237
2026-06-12 11:15:00,3248.3,3263.8,3232.2,3245.6,78679
2026-06-12 12:15:00,3245.4,3253.1,3226.4,3238.9,37575
2026-06-12 13:15:00,3238.9,3244.0,3222.0,3224.4,54119
2026-06-12 14:15:00,3224.0,3242.0,3210.0,3234.6,287535
2026-06-12 15:15:00,3234.6,3265.0,3229.5,3245.0,83606
2026-06-15 09:15:00,3294.4,3313.7,3250.3,3258.2,283154
2026-06-15 10:15:00,3258.2,3281.8,3258.0,3267.5,47712
2026-06-15 11:15:00,3268.8,3286.0,3266.0,3275.0,46627
2026-06-15 12:15:00,3275.0,3281.7,3269.6,3272.0,26962
2026-06-15 13:15:00,3272.0,3277.7,3268.0,3270.5,25027
2026-06-15 14:15:00,3270.5,3276.1,3260.4,3268.3,86985
2026-06-15 15:15:00,3268.3,3273.9,3265.0,3270.0,41380
2026-06-16 09:15:00,3296.0,3296.0,3238.8,3244.2,381014
2026-06-16 10:15:00,3245.6,3285.0,3239.6,3247.2,93864
2026-06-16 11:15:00,3247.2,3274.0,3232.0,3269.4,64904
2026-06-16 12:15:00,3269.7,3272.0,3227.6,3249.8,63969
2026-06-16 13:15:00,3249.8,3255.8,3230.0,3250.1,50307
2026-06-16 14:15:00,3249.3,3251.5,3240.0,3242.9,49562
2026-06-16 15:15:00,3242.8,3258.0,3240.0,3256.4,27334
2026-06-17 09:15:00,3246.0,3316.9,3240.1,3267.6,518758
2026-06-17 10:15:00,3266.8,3300.0,3261.0,3286.9,1646089
2026-06-17 11:15:00,3288.4,3289.7,3237.0,3237.8,423029
2026-06-17 12:15:00,3237.1,3281.8,3218.4,3269.0,156635
2026-06-17 13:15:00,3269.0,3273.3,3265.3,3268.0,39283
2026-06-17 14:15:00,3268.0,3273.2,3246.1,3250.0,72041
2026-06-17 15:15:00,3249.9,3254.7,3247.0,3250.0,33191
2026-06-18 09:15:00,3277.9,3310.5,3271.7,3299.7,50135
2026-06-18 10:15:00,3299.7,3304.9,3291.5,3291.9,15616
2026-06-18 11:15:00,3292.0,3323.5,3284.7,3315.3,37758
2026-06-18 12:15:00,3316.0,3373.5,3315.6,3364.3,106617
2026-06-18 13:15:00,3366.0,3432.0,3361.0,3425.0,189519
2026-06-18 14:15:00,3425.1,3455.0,3418.0,3433.7,258207
2026-06-18 15:15:00,3431.6,3435.0,3429.0,3430.0,64721
2026-06-19 09:15:00,3430.0,3444.0,3356.4,3374.8,165860
2026-06-19 10:15:00,3373.0,3381.3,3349.9,3361.1,83811
2026-06-19 11:15:00,3363.7,3365.0,3332.0,3342.0,91627
2026-06-19 12:15:00,3342.0,3350.0,3335.4,3342.0,100001
2026-06-19 13:15:00,3340.7,3354.0,3337.0,3344.0,119052
2026-06-19 14:15:00,3344.1,3428.0,3335.2,3406.8,1814792
2026-06-19 15:15:00,3405.5,3568.0,3404.9,3525.0,1629187
2026-06-22 09:15:00,3418.0,3465.4,3406.0,3419.7,68788
2026-06-22 10:15:00,3419.7,3426.9,3412.4,3423.7,28317
2026-06-22 11:15:00,3423.0,3441.0,3421.1,3430.6,38110
2026-06-22 12:15:00,3432.0,3453.0,3422.5,3435.0,62735
2026-06-22 13:15:00,3435.0,3441.0,3431.0,3436.2,36170
2026-06-22 14:15:00,3436.2,3438.5,3403.6,3420.4,54261
2026-06-22 15:15:00,3418.7,3425.0,3405.1,3406.5,44938
2026-06-23 09:15:00,3486.0,3486.0,3410.2,3418.7,23926
2026-06-23 10:15:00,3421.5,3429.0,3418.2,3425.7,12750
2026-06-23 11:15:00,3424.4,3429.7,3403.0,3411.8,126943
2026-06-23 12:15:00,3411.0,3411.8,3399.8,3406.9,10355
2026-06-23 13:15:00,3406.7,3408.9,3396.6,3402.5,11558
2026-06-23 14:15:00,3402.5,3420.1,3386.1,3393.5,42034
2026-06-23 15:15:00,3395.1,3401.1,3380.9,3386.0,18418
2026-06-24 09:15:00,3390.1,3404.8,3372.0,3397.3,30868
2026-06-24 10:15:00,3395.5,3400.0,3388.0,3397.9,7602
2026-06-24 11:15:00,3398.5,3400.0,3374.8,3396.1,21338
2026-06-24 12:15:00,3399.1,3401.9,3386.1,3389.5,18587
2026-06-24 13:15:00,3389.6,3390.1,3375.0,3380.0,7913
2026-06-24 14:15:00,3379.9,3381.8,3356.1,3359.9,18914
2026-06-24 15:15:00,3359.5,3362.7,3350.1,3353.0,12727
2026-06-25 09:15:00,3364.9,3381.0,3345.6,3361.0,29413
2026-06-25 10:15:00,3362.7,3362.7,3338.0,3345.5,17253
2026-06-25 11:15:00,3345.5,3367.0,3324.1,3333.8,26291
2026-06-25 12:15:00,3331.4,3352.0,3323.0,3332.8,73713
2026-06-25 13:15:00,3330.1,3355.0,3326.0,3343.1,66854
2026-06-25 14:15:00,3343.1,3364.8,3323.2,3327.2,40221
2026-06-25 15:15:00,3327.2,3332.0,3315.0,3315.0,17819
2026-06-29 09:15:00,3329.9,3380.0,3316.8,3344.1,39982
2026-06-29 10:15:00,3346.5,3349.7,3303.4,3330.8,31324
2026-06-29 11:15:00,3330.8,3330.8,3304.1,3304.7,29659
2026-06-29 12:15:00,3304.9,3310.0,3261.9,3271.6,49796
2026-06-29 13:15:00,3271.6,3283.9,3259.9,3267.9,54523
2026-06-29 14:15:00,3264.6,3308.7,3255.5,3268.0,189771
2026-06-29 15:15:00,3268.6,3319.0,3259.3,3286.9,131367
2026-06-30 09:15:00,3295.0,3312.0,3264.1,3273.0,38089
2026-06-30 10:15:00,3273.0,3275.0,3255.0,3273.0,28049
2026-06-30 11:15:00,3272.4,3276.1,3266.8,3270.0,17192
2026-06-30 12:15:00,3270.0,3294.0,3264.1,3280.9,98275
2026-06-30 13:15:00,3280.9,3324.6,3267.9,3317.5,91680
2026-06-30 14:15:00,3318.2,3347.0,3300.5,3333.5,97565
2026-06-30 15:15:00,3333.5,3335.0,3296.0,3298.0,76622
2026-07-01 09:15:00,3313.9,3361.7,3312.0,3335.2,31929
2026-07-01 10:15:00,3338.0,3344.9,3330.4,3339.9,7551
2026-07-01 11:15:00,3339.9,3373.0,3336.0,3360.1,27513
2026-07-01 12:15:00,3360.0,3386.0,3355.0,3379.9,30368
2026-07-01 13:15:00,3379.9,3388.0,3372.1,3380.3,27688
2026-07-01 14:15:00,3380.3,3394.3,3364.2,3383.3,34089
2026-07-01 15:15:00,3381.0,3428.3,3378.9,3401.0,74201
2026-07-02 09:15:00,3406.2,3418.1,3386.5,3390.0,16182
2026-07-02 10:15:00,3389.0,3407.0,3385.3,3399.1,5930
2026-07-02 11:15:00,3399.1,3408.0,3386.5,3388.3,9490
2026-07-02 12:15:00,3390.0,3392.9,3375.0,3380.2,9080
2026-07-02 13:15:00,3381.9,3385.0,3369.0,3373.1,9340
2026-07-02 14:15:00,3371.3,3373.0,3356.0,3357.0,17362
2026-07-02 15:15:00,3358.9,3366.0,3355.0,3362.9,11264
2026-07-03 09:15:00,3370.9,3381.9,3360.4,3364.1,23082
2026-07-03 10:15:00,3366.7,3375.0,3344.0,3366.4,9882
2026-07-03 11:15:00,3366.4,3368.9,3333.1,3335.7,60065
2026-07-03 12:15:00,3335.5,3340.0,3329.3,3339.5,7076
2026-07-03 13:15:00,3338.2,3345.0,3335.1,3342.2,5224
2026-07-03 14:15:00,3340.4,3346.0,3333.0,3336.3,10924
2026-07-03 15:15:00,3336.3,3338.9,3326.0,3332.0,10909
2026-07-06 09:15:00,3344.8,3360.8,3307.0,3326.5,30165
2026-07-06 10:15:00,3326.6,3329.5,3285.9,3293.3,41730
2026-07-06 11:15:00,3293.3,3305.5,3276.0,3288.6,20996
2026-07-06 12:15:00,3288.3,3294.0,3280.0,3281.4,15967
2026-07-06 13:15:00,3281.4,3307.0,3280.1,3303.9,36494
2026-07-06 14:15:00,3302.7,3308.1,3292.4,3295.1,54185
2026-07-06 15:15:00,3296.1,3299.1,3284.5,3290.0,18256
2026-07-07 09:15:00,3299.2,3309.9,3235.0,3237.5,46475
2026-07-07 10:15:00,3237.5,3245.0,3224.0,3240.8,28566
2026-07-07 11:15:00,3240.0,3255.0,3237.0,3249.5,16328
2026-07-07 12:15:00,3249.7,3254.5,3238.5,3249.1,23447
2026-07-07 13:15:00,3249.4,3254.2,3241.9,3242.0,45425
2026-07-07 14:15:00,3241.9,3249.0,3196.3,3199.2,138576
2026-07-07 15:15:00,3199.2,3205.0,3194.0,3199.0,20485
2026-07-08 09:15:00,3199.5,3258.0,3171.5,3240.8,47153
2026-07-08 10:15:00,3241.2,3252.0,3236.0,3242.0,7807
2026-07-08 11:15:00,3240.3,3242.5,3221.5,3227.0,3811
2026-07-08 12:15:00,3225.6,3246.9,3225.6,3240.0,12375
2026-07-08 13:15:00,3240.0,3241.0,3174.3,3175.0,29537
2026-07-08 14:15:00,3176.1,3187.4,3137.8,3140.0,78254
2026-07-08 15:15:00,3140.0,3154.1,3139.8,3149.7,38017
2026-07-09 09:15:00,3190.4,3207.1,3162.3,3168.7,55027
2026-07-09 10:15:00,3167.1,3205.5,3158.0,3201.5,108233
2026-07-09 11:15:00,3201.8,3201.8,3175.5,3181.6,27278
2026-07-09 12:15:00,3181.6,3201.9,3181.4,3184.8,64568
2026-07-09 13:15:00,3184.9,3195.6,3183.3,3187.1,55906
2026-07-09 14:15:00,3187.8,3200.0,3176.6,3180.6,57466
2026-07-09 15:15:00,3180.5,3185.1,3166.2,3180.0,18216
2026-07-10 09:15:00,3190.8,3205.0,3172.8,3180.9,91782
2026-07-10 10:15:00,3178.0,3191.9,3165.7,3177.9,46273
2026-07-10 11:15:00,3175.1,3195.0,3147.0,3160.0,130654
2026-07-10 12:15:00,3160.0,3165.0,3147.6,3160.0,77573
2026-07-10 13:15:00,3160.0,3169.5,3144.3,3160.0,129520
2026-07-10 14:15:00,3160.0,3162.6,3156.1,3158.9,72369
2026-07-10 15:15:00,3159.9,3167.9,3155.0,3159.7,86083
2026-07-13 09:15:00,3164.9,3165.0,3139.5,3158.0,129020
2026-07-13 10:15:00,3157.9,3174.0,3155.0,3169.3,122541
2026-07-13 11:15:00,3169.3,3256.0,3166.5,3241.1,208649
2026-07-13 12:15:00,3241.8,3250.0,3225.2,3239.7,111694
2026-07-13 13:15:00,3239.7,3253.0,3217.2,3222.4,107173
2026-07-13 14:15:00,3225.5,3229.5,3201.0,3203.7,229960
2026-07-13 15:15:00,3204.1,3219.0,3195.5,3210.0,94510
2026-07-14 09:15:00,3251.1,3287.7,3090.7,3132.0,482949
2026-07-14 10:15:00,3133.2,3141.0,3116.5,3133.0,137773
2026-07-14 11:15:00,3132.0,3176.5,3131.9,3163.6,142842
2026-07-14 12:15:00,3162.0,3179.8,3159.0,3171.9,79636
2026-07-14 13:15:00,3171.5,3174.0,3140.3,3161.7,113704
2026-07-14 14:15:00,3163.3,3177.3,3156.1,3165.5,89181
2026-07-14 15:15:00,3165.5,3170.0,3150.2,3164.0,55962
2026-07-15 09:15:00,3170.0,3174.8,3070.2,3111.9,270101
2026-07-15 10:15:00,3111.9,3149.5,3110.0,3134.3,91708
2026-07-15 11:15:00,3133.0,3141.0,3115.0,3123.9,75021
2026-07-15 12:15:00,3123.5,3124.7,3097.6,3110.0,69909
2026-07-15 13:15:00,3109.9,3113.0,3100.0,3102.6,114227
2026-07-15 14:15:00,3102.5,3156.0,3096.7,3154.0,279548
2026-07-15 15:15:00,3154.0,3168.8,3136.6,3149.9,48701
2026-07-16 09:15:00,3164.0,3164.0,3075.1,3103.9,193065
2026-07-16 10:15:00,3102.5,3129.0,3100.0,3110.9,72010
2026-07-16 11:15:00,3111.7,3121.2,3092.0,3110.4,219628
2026-07-16 12:15:00,3110.3,3128.9,3102.0,3123.2,191683
2026-07-16 13:15:00,3123.3,3123.8,3105.0,3110.0,103916
2026-07-16 14:15:00,3110.0,3117.3,3104.1,3110.0,177626
2026-07-16 15:15:00,3110.1,3112.9,3105.1,3110.1,58375
2026-07-17 09:15:00,3114.0,3140.0,3102.4,3132.5,45200
2026-07-17 10:15:00,3132.5,3139.8,3127.5,3130.1,22996
2026-07-17 11:15:00,3130.1,3158.9,3125.0,3139.6,40700
2026-07-17 12:15:00,3138.1,3160.4,3138.0,3151.0,37415
2026-07-17 13:15:00,3151.5,3167.0,3148.6,3156.5,54584
2026-07-17 14:15:00,3156.5,3180.0,3149.0,3172.1,89209
2026-07-17 15:15:00,3172.0,3205.0,3170.0,3200.0,92277
2026-07-20 09:15:00,3196.0,3196.0,3140.8,3150.6,32873
2026-07-20 10:15:00,3150.4,3151.8,3126.3,3133.0,23536
2026-07-20 11:15:00,3133.0,3145.0,3120.1,3134.3,51122
2026-07-20 12:15:00,3134.3,3135.0,3089.6,3098.5,87857
2026-07-20 13:15:00,3098.5,3126.9,3095.0,3121.7,73448
2026-07-20 14:15:00,3121.7,3126.9,3112.0,3118.4,75371
2026-07-20 15:15:00,3118.7,3124.0,3102.0,3120.0,61476
2026-07-21 09:15:00,3125.9,3145.0,3110.3,3113.0,38149
2026-07-21 10:15:00,3113.0,3123.9,3099.6,3103.3,27538
2026-07-21 11:15:00,3103.5,3123.5,3102.0,3117.5,27569
2026-07-21 12:15:00,3117.5,3139.9,3116.0,3132.4,58793
2026-07-21 13:15:00,3132.3,3152.0,3130.0,3151.7,83743
2026-07-21 14:15:00,3152.0,3160.0,3141.6,3150.9,104511
2026-07-21 15:15:00,3150.9,3155.5,3145.0,3154.0,83626
2026-07-22 09:15:00,3145.0,3149.8,3105.2,3114.3,26680
2026-07-22 10:15:00,3112.2,3124.5,3111.0,3116.0,19238
2026-07-22 11:15:00,3115.0,3123.3,3110.9,3111.0,20737
2026-07-22 12:15:00,3110.9,3123.9,3110.9,3118.8,37366
2026-07-22 13:15:00,3118.8,3134.0,3117.6,3125.1,33790
2026-07-22 14:15:00,3125.1,3126.6,3117.6,3121.5,54107
2026-07-22 15:15:00,3120.0,3123.2,3112.4,3120.0,27230
2026-07-23 09:15:00,3100.2,3126.1,3100.0,3120.1,42217
2026-07-23 10:15:00,3122.0,3152.0,3120.0,3146.2,34144
2026-07-23 11:15:00,3148.5,3148.7,3130.0,3130.0,21404
2026-07-23 12:15:00,3130.0,3138.4,3123.0,3132.6,26546
2026-07-23 13:15:00,3135.0,3146.6,3129.3,3136.9,25789
2026-07-23 14:15:00,3139.2,3142.1,3120.0,3130.6,85671
2026-07-23 15:15:00,3130.0,3142.0,3130.0,3131.0,14096
2026-07-24 09:15:00,3108.0,3116.3,3091.0,3098.5,25291
2026-07-24 10:15:00,3098.2,3106.5,3095.4,3104.0,6192
2026-07-24 11:15:00,3104.7,3124.6,3102.1,3122.3,10751
2026-07-24 12:15:00,3122.0,3129.0,3120.0,3125.8,9811
2026-07-24 13:15:00,3125.0,3130.0,3124.5,3126.4,10027
2026-07-24 14:15:00,3126.4,3130.3,3121.4,3126.9,22657
2026-07-24 15:15:00,3126.9,3130.5,3120.0,3120.0,10065
2026-07-27 09:15:00,3129.9,3151.9,3129.9,3136.0,18914
2026-07-27 10:15:00,3137.5,3145.9,3121.3,3123.8,20925
2026-07-27 11:15:00,3123.9,3125.9,3113.1,3121.7,25699
2026-07-27 12:15:00,3121.8,3145.9,3118.8,3144.5,27116
2026-07-27 13:15:00,3145.0,3145.0,3138.0,3140.1,25201
2026-07-27 14:15:00,3141.0,3146.0,3140.0,3140.0,22004
2026-07-27 15:15:00,3140.1,3152.0,3135.6,3136.9,38590
2026-07-28 09:15:00,3143.9,3148.0,3113.0,3121.9,12703
2026-07-28 10:15:00,3121.6,3134.8,3113.0,3123.2,10015
2026-07-28 11:15:00,3120.4,3123.0,3116.0,3120.8,10303
2026-07-28 12:15:00,3120.7,3121.0,3115.9,3119.8,10683
2026-07-28 13:15:00,3119.4,3130.0,3101.9,3117.4,40830
2026-07-28 14:15:00,3117.4,3119.9,3104.0,3112.3,33630
2026-07-28 15:15:00,3112.8,3122.0,3108.0,3114.3,15517
2026-07-29 09:15:00,3121.1,3140.0,3120.0,3123.9,23507
2026-07-29 10:15:00,3121.8,3138.7,3121.8,3126.7,17988
2026-07-29 11:15:00,3129.5,3135.3,3118.0,3121.0,22073
2026-07-29 12:15:00,3121.0,3124.8,3112.0,3115.8,30692
2026-07-29 13:15:00,3114.0,3120.5,3095.2,3100.6,36751
2026-07-29 14:15:00,3100.6,3118.9,3100.1,3110.0,32312
2026-07-29 15:15:00,3110.0,3111.5,3100.5,3101.0,10014
2026-07-30 09:15:00,3110.8,3114.0,3090.5,3092.1,20363
2026-07-30 10:15:00,3095.3,3097.5,3072.5,3076.0,23247
2026-07-30 11:15:00,3078.7,3100.1,3075.0,3077.0,28220
2026-07-30 12:15:00,3079.3,3086.0,3072.5,3074.4,68898
2026-07-30 13:15:00,3075.0,3079.5,3063.5,3065.2,41877
2026-07-30 14:15:00,3065.2,3067.7,3046.5,3049.8,78792
2026-07-30 15:15:00,3049.7,3061.3,3047.7,3050.0,30558
2026-07-31 09:15:00,3052.0,3118.2,3052.0,3114.0,32692
2026-07-31 10:15:00,3111.8,3129.6,3100.0,3125.3,16453
2026-07-31 11:15:00,3125.3,3128.5,3105.4,3119.2,18334
2026-07-31 12:15:00,3120.5,3129.0,3114.0,3122.0,23149
2026-07-31 13:15:00,3122.0,3125.0,3119.4,3120.9,21426
2026-07-31 14:15:00,3122.0,3124.5,3107.9,3117.0,26947
2026-07-31 15:15:00,3115.7,3121.0,3112.2,3115.0,10261
2026-08-03 09:15:00,3129.0,3130.0,3095.1,3108.1,22662
2026-08-03 10:15:00,3107.6,3115.5,3100.6,3108.7,45824
2026-08-03 11:15:00,3108.7,3125.0,3105.0,3108.7,71171
2026-08-03 12:15:00,3111.0,3115.0,3108.1,3110.0,56088
2026-08-03 13:15:00,3111.0,3112.3,3093.1,3097.7,37860
2026-08-03 14:15:00,3097.7,3104.4,3087.1,3103.5,80461
2026-08-03 15:15:00,3104.4,3105.0,3094.0,3101.0,7947
2026-08-04 09:15:00,3090.0,3111.0,3080.1,3104.8,52929
2026-08-04 10:15:00,3104.8,3107.2,3076.1,3080.0,70028
2026-08-04 11:15:00,3080.0,3083.9,3076.0,3079.3,43420
2026-08-04 12:15:00,3079.3,3082.7,3072.1,3072.1,31402
2026-08-04 13:15:00,3072.0,3075.0,3060.0,3064.5,26355
2026-08-04 14:15:00,3064.5,3071.3,3059.7,3060.0,90104
2026-08-04 15:15:00,3060.0,3060.0,3056.3,3059.0,8687
2026-08-05 09:15:00,3098.8,3100.0,3063.0,3075.8,23472
2026-08-05 10:15:00,3078.0,3085.9,3066.6,3079.1,33014
2026-08-05 11:15:00,3080.0,3085.1,3068.0,3075.1,50385
2026-08-05 12:15:00,3075.1,3080.1,3072.1,3073.8,21432
2026-08-05 13:15:00,3076.1,3079.7,3072.0,3074.6,20620
2026-08-05 14:15:00,3075.0,3080.2,3072.1,3078.9,42688
2026-08-05 15:15:00,3078.9,3100.0,3056.6,3071.0,27162
2026-08-06 09:15:00,3087.0,3095.0,3077.9,3087.5,9785
2026-08-06 10:15:00,3087.3,3092.9,3061.7,3067.5,6370
2026-08-06 11:15:00,3067.5,3083.0,3061.0,3075.2,25209
2026-08-06 12:15:00,3075.1,3083.1,3071.5,3081.4,21958
2026-08-06 13:15:00,3080.0,3091.7,3075.2,3084.5,14022
2026-08-06 14:15:00,3084.0,3088.1,3075.9,3080.0,39537
2026-08-06 15:15:00,3080.0,3081.0,3073.1,3080.0,6683
2026-08-07 09:15:00,3074.0,3076.800048828125,3057.0,3068.0,0
2026-08-07 10:15:00,3068.0,3089.0,3066.10009765625,3083.89990234375,31291
2026-08-07 11:15:00,3085.60009765625,3085.89990234375,3075.0,3076.199951171875,9101
2026-08-07 12:15:00,3076.199951171875,3089.699951171875,3075.0,3089.699951171875,15584
2026-08-07 13:15:00,3086.89990234375,3098.0,3082.800048828125,3088.0,20069
2026-08-07 14:15:00,3087.0,3088.0,3065.5,3073.5,34180
2026-08-07 15:15:00,3073.39990234375,3078.10009765625,3072.199951171875,3072.800048828125,12925
2026-08-10 09:15:00,3080.39990234375,3090.0,3066.0,3077.699951171875,0
2026-08-10 10:15:00,3079.800048828125,3094.89990234375,3077.699951171875,3092.699951171875,36674
2026-08-10 11:15:00,3090.300048828125,3095.0,3083.0,3086.10009765625,23187
2026-08-10 12:15:00,3086.0,3098.800048828125,3083.89990234375,3086.10009765625,21842
2026-08-10 13:15:00,3083.800048828125,3087.39990234375,3040.0,3055.10009765625,59988
2026-08-10 14:15:00,3056.300048828125,3062.0,3043.0,3056.89990234375,40396
2026-08-10 15:15:00,3056.5,3057.0,3055.0,3055.0,10470
2026-08-11 09:15:00,3065.0,3065.0,3024.0,3030.699951171875,0
2026-08-11 10:15:00,3032.10009765625,3049.89990234375,3026.0,3045.89990234375,35254
2026-08-11 11:15:00,3045.89990234375,3058.0,3030.0,3058.0,30097
2026-08-11 12:15:00,3057.5,3061.60009765625,3048.199951171875,3052.800048828125,28050
2026-08-11 13:15:00,3052.699951171875,3059.800048828125,3050.0,3056.5,88446
2026-08-11 14:15:00,3056.5,3058.0,3025.10009765625,3029.89990234375,62137
2026-08-11 15:15:00,3029.89990234375,3037.699951171875,3023.800048828125,3028.5,18344
2026-08-12 09:15:00,3035.0,3048.5,3020.5,3047.0,0
2026-08-12 10:15:00,3047.0,3053.89990234375,3034.699951171875,3034.699951171875,9283
2026-08-12 11:15:00,3037.60009765625,3045.0,3025.300048828125,3042.60009765625,9037
2026-08-12 12:15:00,3042.60009765625,3062.60009765625,3040.0,3061.0,46103
2026-08-12 13:15:00,3061.0,3068.800048828125,3060.300048828125,3067.5,9524
2026-08-12 14:15:00,3068.5,3075.89990234375,3065.0,3072.0,38675
2026-08-12 15:15:00,3072.0,3083.199951171875,3070.0,3082.0,16140
2026-08-13 09:15:00,3080.0,3100.300048828125,3076.89990234375,3100.0,0
2026-08-13 10:15:00,3100.0,3102.0,3062.10009765625,3070.39990234375,53012
2026-08-13 11:15:00,3071.10009765625,3094.89990234375,3068.699951171875,3094.89990234375,10664
2026-08-13 12:15:00,3091.60009765625,3106.0,3089.800048828125,3100.60009765625,59569
2026-08-13 13:15:00,3103.199951171875,3122.5,3100.0,3121.300048828125,55717
2026-08-13 14:15:00,3120.0,3152.39990234375,3120.0,3150.0,54392
2026-08-13 15:15:00,3150.0,3151.0,3144.199951171875,3147.0,6769
2026-08-14 09:15:00,3111.0,3140.0,3095.800048828125,3098.699951171875,0
2026-08-14 10:15:00,3098.699951171875,3105.0,3082.699951171875,3086.5,15794
2026-08-14 11:15:00,3085.5,3103.800048828125,3080.0,3100.0,15835
2026-08-14 12:15:00,3100.10009765625,3109.89990234375,3096.5,3104.60009765625,14223
2026-08-14 13:15:00,3104.39990234375,3140.0,3099.0,3128.0,65431
2026-08-14 14:15:00,3130.0,3140.0,3085.0,3091.800048828125,96610
2026-08-14 15:15:00,3090.800048828125,3108.0,3088.0,3100.0,23185
2026-08-17 09:15:00,3114.89990234375,3114.89990234375,3080.0,3102.0,0
2026-08-17 10:15:00,3102.0,3107.5,3099.0,3100.0,9445
2026-08-17 11:15:00,3100.0,3116.699951171875,3099.199951171875,3114.800048828125,8285
2026-08-17 12:15:00,3114.5,3120.60009765625,3105.10009765625,3108.199951171875,81670
2026-08-17 13:15:00,3108.199951171875,3110.699951171875,3105.0,3108.10009765625,7347
2026-08-17 14:15:00,3108.5,3136.0,3105.60009765625,3136.0,135183
2026-08-17 15:15:00,3135.10009765625,3142.5,3131.10009765625,3138.0,12100
2026-08-18 09:15:00,3128.0,3144.800048828125,3112.199951171875,3126.800048828125,0
2026-08-18 10:15:00,3128.0,3129.0,3108.699951171875,3122.89990234375,13043
2026-08-18 11:15:00,3122.89990234375,3123.699951171875,3109.39990234375,3113.5,50939
2026-08-18 12:15:00,3113.199951171875,3116.5,3103.5,3115.5,61396
2026-08-18 13:15:00,3115.89990234375,3115.89990234375,3104.39990234375,3107.10009765625,31421
2026-08-18 14:15:00,3107.10009765625,3111.0,3101.10009765625,3108.39990234375,29643
2026-08-18 15:15:00,3109.0,3109.0,3088.0,3106.0,7633
2026-08-19 09:15:00,3099.0,3134.0,3087.0,3132.0,0
2026-08-19 10:15:00,3132.0,3135.199951171875,3119.199951171875,3129.0,9877
2026-08-19 11:15:00,3129.800048828125,3143.0,3125.199951171875,3132.699951171875,26067
2026-08-19 12:15:00,3134.60009765625,3237.89990234375,3132.800048828125,3230.89990234375,197165
2026-08-19 13:15:00,3231.10009765625,3268.800048828125,3208.0,3262.0,293264
2026-08-19 14:15:00,3263.300048828125,3268.699951171875,3201.300048828125,3261.0,466384
2026-08-19 15:15:00,3260.699951171875,3292.0,3260.0,3260.89990234375,88996
2026-08-20 09:15:00,3262.39990234375,3311.5,3260.300048828125,3276.0,0
2026-08-20 10:15:00,3280.39990234375,3281.800048828125,3260.60009765625,3265.0,20080
2026-08-20 11:15:00,3266.60009765625,3272.0,3223.89990234375,3251.10009765625,28906
2026-08-20 12:15:00,3253.10009765625,3254.0,3235.800048828125,3241.199951171875,56589
2026-08-20 13:15:00,3240.800048828125,3244.60009765625,3221.39990234375,3224.0,55142
2026-08-20 14:15:00,3224.10009765625,3232.199951171875,3211.10009765625,3230.0,50421
2026-08-20 15:15:00,3230.0,3240.0,3215.0,3228.89990234375,26078
2026-08-21 09:15:00,3224.800048828125,3270.0,3212.699951171875,3262.89990234375,0
2026-08-21 10:15:00,3262.39990234375,3274.60009765625,3260.0,3268.39990234375,12235
2026-08-21 11:15:00,3268.39990234375,3270.39990234375,3250.0,3265.0,48311
2026-08-21 12:15:00,3265.0,3268.800048828125,3259.800048828125,3265.10009765625,35936
2026-08-21 13:15:00,3265.10009765625,3266.199951171875,3260.0,3261.0,7498
2026-08-21 14:15:00,3261.0,3275.300048828125,3257.199951171875,3271.0,30388
2026-08-21 15:15:00,3271.0,3281.300048828125,3269.699951171875,3269.699951171875,19085
